drivername,championshipposition,yearofseason,racingseries,points,sprintwins,featurewins,podiums,pointsfinishes,totalwins,promoted,team,constructorschampionshipstanding,numberofraces,polepositions,dnsdnfdsq,nationality,dnf_rate,win_rate,nat_id,pole_rate,podium_rate,points_per_race,rev_championship_pos,rev_const_champ,constructorsstandings,points_finish_rate,post_formalization,z_rev,z_points,z_pole,z_dnf,perf_index,driver_id,team_id,const_champ
L. Fornaroli,1,2025,FIA Formula 2,211,3,1,8,23,4,0,Invicta Racing,1,27,3,2,Italy,.074074075,.14814815,27,.11111111,.2962963,7.814815,-1,-1,,.85185188,1,1.6320499,1.8556448,2.0582812,-.84574348,6.3917193,59,16,1
J. Crawford,2,2025,FIA Formula 2,175,1,2,7,17,3,0,DAMS Lucas Oil,4,27,2,3,America,.11111111,.11111111,1,.074074075,.25925925,6.4814816,-2,-4,,.62962961,1,1.521082,1.0265135,1.2428505,-.59882945,4.3892756,46,11,4
R. Verschoor,3,2025,FIA Formula 2,170,2,2,7,21,4,0,MP Motorsport,5,27,0,3,Netherlands,.11111111,.14814815,32,0,.25925925,6.2962961,-3,-5,,.77777779,1,1.4101142,1.5792677,-.38801068,-.59882945,3.2002006,102,18,5
L. Browning,4,2025,FIA Formula 2,162,0,1,9,16,1,0,Hitech TGR,2,27,1,2,Britian,.074074075,.037037037,9,.037037037,.33333334,6,-4,-2,,.5925926,1,1.2991463,.88832498,.42741993,-.84574348,3.4606347,57,15,2
A. Dunne,5,2025,FIA Formula 2,150,0,2,8,19,2,0,Rodin Motorsport,7,27,2,6,Ireland,.22222222,.074074075,25,.074074075,.2962963,5.5555553,-5,-7,,.7037037,1,1.1881784,1.3028905,1.2428505,.14191264,3.5920069,5,25,7
A. Lindblad,6,2025,FIA Formula 2,134,2,1,5,17,3,1,Campos Racing,3,27,1,3,Britian,.11111111,.11111111,9,.037037037,.18518518,4.9629631,-6,-3,,.62962961,1,1.0772105,1.0265135,.42741993,-.59882945,3.1299734,10,5,3
D. Beganovic,7,2025,FIA Formula 2,116,1,0,4,15,1,0,Hitech TGR,2,27,1,2,Sweden,.074074075,.037037037,39,.037037037,.14814815,4.2962961,-7,-2,,.55555558,1,.96624261,.75013649,.42741993,-.84574348,2.9895425,25,15,2
J. Martí,8,2025,FIA Formula 2,112,3,0,5,14,3,0,Campos Racing,3,23,0,3,Spain,.13043478,.13043478,38,0,.2173913,4.869565,-8,-3,,.60869563,1,.85527474,.94840682,-.38801068,-.47000474,1.8856757,52,5,3
J. Dürksen,9,2025,FIA Formula 2,107,1,1,8,10,2,0,AIX Racing,9,27,0,4,Paraguay,.14814815,.074074075,35,0,.2962963,3.9629629,-9,-9,,.37037036,1,.74430686,.059193626,-.38801068,-.35191542,.76740521,49,1,9
R. Stanek,10,2025,FIA Formula 2,105,0,1,5,13,1,0,Invicta Racing,1,27,2,1,Czech Republic,.037037037,.037037037,16,.074074075,.18518518,3.8888888,-10,-1,,.48148149,1,.63333893,.47375935,1.2428505,-1.0926574,3.4426062,100,16,1
V. Martins,11,2025,FIA Formula 2,97,0,1,3,17,1,0,ART Grand Prix,8,27,2,6,France,.22222222,.037037037,20,.074074075,.11111111,3.5925925,-11,-8,,.62962961,1,.52237105,1.0265135,1.2428505,.14191264,2.6498225,118,2,8
S. Montoya,12,2025,FIA Formula 2,91,0,0,2,13,0,0,Prema Racing,6,27,0,5,Columbia,.18518518,0,15,0,.074074075,3.3703704,-12,-6,,.48148149,1,.41140318,.47375935,-.38801068,-.10500144,.6021533,110,21,6
G. Minì,13,2025,FIA Formula 2,72,0,0,3,14,0,0,Prema Racing,6,27,0,5,Italy,.18518518,0,27,0,.11111111,2.6666667,-13,-6,,.51851851,1,.30043527,.61194777,-.38801068,-.10500144,.62937379,36,21,6
R. Villagómez,14,2025,FIA Formula 2,43,0,0,2,8,0,0,Van Amersfoort Racing,10,27,0,3,Mexico,.11111111,0,30,0,.074074075,1.5925926,-14,-10,,.2962963,1,.1894674,-.21718341,-.38801068,-.59882945,.18310276,103,31,10
O. Goethe,15,2025,FIA Formula 2,37,0,0,1,7,0,0,MP Motorsport,5,27,0,3,German,.11111111,0,21,0,.037037037,1.3703704,-15,-5,,.25925925,1,.078499503,-.35537198,-.38801068,-.59882945,-.066053711,87,18,5
K. Maini,16,2025,FIA Formula 2,32,1,0,1,6,1,0,DAMS Lucas Oil,4,27,0,4,India,.14814815,.037037037,23,0,.037037037,1.1851852,-16,-4,,.22222222,1,-.032468382,-.49356049,-.38801068,-.35191542,-.56212413,56,11,4
R. Miyata,17,2025,FIA Formula 2,30,0,0,1,7,0,0,ART Grand Prix,8,27,0,3,Japan,.11111111,0,28,0,.037037037,1.1111112,-17,-8,,.25925925,1,-.14343627,-.35537198,-.38801068,-.59882945,-.2879895,97,2,8
N. Tsolov,18,2025,FIA Formula 2,12,0,0,1,2,0,0,Campos Racing,3,4,0,3,Bulgaria,.75,0,11,0,.25,3,-18,-3,,.5,1,-.25440416,.54285359,-.38801068,3.6604373,-3.7599986,83,5,3
A. Cordeel,19,2025,FIA Formula 2,3,0,0,0,2,0,0,Rodin Motorsport,7,23,0,4,Belgium,.17391305,0,6,0,0,.13043478,-19,-7,,.086956523,1,-.36537206,-.99824911,-.38801068,-.18014912,-1.5714828,3,25,7
S. Meguetounif,20,2025,FIA Formula 2,2,0,0,0,2,0,0,Trident,11,21,0,6,France,.2857143,0,20,0,0,.095238097,-20,-11,,.095238097,1,-.47633994,-.96734977,-.38801068,.56519389,-2.3968942,109,28,11
M. Stenshorne,21,2025,FIA Formula 2,2,0,0,0,1,0,0,Rodin Motorsport,7,6,0,3,Norway,.5,0,34,0,0,.33333334,-21,-7,,.16666667,1,-.58730781,-.70084327,-.38801068,1.9937677,-3.6699295,74,25,7
J. Bennett,22,2025,FIA Formula 2,1,0,0,0,1,0,0,Van Amersfoort Racing,10,27,0,5,Britian,.18518518,0,9,0,0,.037037037,-22,-10,,.037037037,1,-.69827574,-1.1845032,-.38801068,-.10500144,-2.1657882,43,31,10
M. Esterson,23,2025,FIA Formula 2,0,0,0,0,0,0,0,Trident,11,27,0,4,America,.14814815,0,1,0,0,0,-23,-11,,0,1,-.80924362,-1.3226918,-.38801068,-.35191542,-2.1680307,67,28,11
C. Shields,24,2025,FIA Formula 2,0,0,0,0,0,0,0,AIX Racing,9,27,0,6,Britian,.22222222,0,9,0,0,0,-24,-9,,0,1,-.92021149,-1.3226918,-.38801068,.14191264,-2.7728267,22,1,9
L. van Hoepen,25,2025,FIA Formula 2,0,0,0,0,0,0,0,Trident,11,6,0,1,Netherlands,.16666667,0,32,0,0,0,-25,-11,,0,1,-1.0311794,-1.3226918,-.38801068,-.22845837,-2.5134234,65,28,11
T. Inthraphuvasak,26,2025,FIA Formula 2,0,0,0,0,0,0,0,Trident,11,2,0,0,Thailand,0,0,41,0,0,0,-26,-11,,0,1,-1.1421473,-1.3226918,-.38801068,-1.3395715,-1.5132782,115,28,11
J. Wharton,27,2025,FIA Formula 2,0,0,0,0,0,0,0,Trident,11,2,0,1,Australia,.5,0,3,0,0,0,-27,-11,,0,1,-1.2531152,-1.3226918,-.38801068,1.9937677,-4.9575853,55,28,11
G. Bortoleto,1,2024,FIA Formula 2,214.5,0,2,8,22,2,1,Invicta Racing,1,28,2,3,Brazil,.10714286,.071428575,7,.071428575,.2857143,7.6607141,-1,-1,,.78571427,1,1.6320499,1.6088794,1.1846056,-.62528449,5.0508194,34,16,1
I. Hadjar,2,2024,FIA Formula 2,192,0,4,8,15,4,1,Campos Racing,2,28,1,5,France,.17857143,.14285715,20,.035714287,.2857143,6.8571429,-2,-2,,.53571427,1,1.521082,.67610675,.39829746,-.14909317,2.7445793,41,5,2
P. Aron,3,2024,FIA Formula 2,163,0,1,8,20,1,0,Hitech Pulse-Eight,4,27,4,5,Estonia,.18518518,.037037037,18,.14814815,.2962963,6.0370369,-3,-4,,.74074072,1,1.4101142,1.441079,2.8737118,-.10500144,5.8299065,90,14,4
Z. Maloney,4,2024,FIA Formula 2,140,1,1,7,16,2,0,Rodin Motorsport,8,26,1,3,Barbados,.11538462,.07692308,5,.03846154,.26923078,5.3846154,-4,-8,,.61538464,1,1.2991463,.97336411,.45878267,-.57033938,3.3016324,120,25,8
J. Crawford,5,2024,FIA Formula 2,125,0,1,6,19,1,0,DAMS Lucas Oil,6,28,0,4,America,.14285715,.035714287,1,0,.21428572,4.4642859,-5,-6,,.6785714,1,1.1881784,1.2091197,-.38801068,-.38718882,2.3964763,46,11,6
A. Antonelli,6,2024,FIA Formula 2,113,1,1,3,13,2,1,Prema Racing,5,26,0,4,Italy,.15384616,.07692308,27,0,.11538462,4.3461537,-6,-5,,.5,1,1.0772105,.54285359,-.38801068,-.3139286,1.5459821,2,21,5
V. Martins,7,2024,FIA Formula 2,107,1,0,4,13,1,0,ART Grand Prix,7,28,1,6,France,.21428572,.035714287,20,.035714287,.14285715,3.8214285,-7,-7,,.4642857,1,.96624261,.40960029,.39829746,.08900249,1.6851379,118,2,7
R. Verschoor,8,2024,FIA Formula 2,106,0,0,5,13,0,0,MP Motorsport,3,26,2,6,Netherlands,.23076923,0,32,.07692308,.1923077,4.0769229,-8,-3,,.5,1,.85527474,.54285359,1.3055761,.19889279,2.5048115,102,18,3
F. Colapinto,9,2024,FIA Formula 2,96,1,0,3,10,1,1,MP Motorsport,3,19,0,3,Argentina,.15789473,.052631579,2,0,.15789473,5.0526314,-9,-3,,.52631581,1,.74430686,.64104027,-.38801068,-.2869381,1.2842746,30,18,3
J. Dürksen,10,2024,FIA Formula 2,87,1,1,4,10,2,0,AIX Racing,9,28,0,6,Paraguay,.21428572,.071428575,35,0,.14285715,3.1071429,-10,-9,,.35714287,1,.63333893,.0098406523,-.38801068,.08900249,.16616641,49,1,9
D. Hauger,11,2024,FIA Formula 2,85.5,1,0,4,17,1,0,MP Motorsport,3,24,2,4,Norway,.16666667,.041666668,34,.083333336,.16666667,3.5625,-11,-3,,.70833331,1,.52237105,1.3201641,1.4467083,-.22845837,3.5177019,27,18,3
O. Bearman,12,2024,FIA Formula 2,75,3,0,3,10,3,1,Prema Racing,5,24,0,3,Britain,.125,.125,8,0,.125,3.125,-12,-5,,.41666666,1,.41140318,.23192932,-.38801068,-.50623667,.76155847,85,21,5
K. Maini,13,2024,FIA Formula 2,74,1,0,5,11,1,0,Invicta Racing,1,27,1,3,India,.11111111,.037037037,23,.037037037,.18518518,2.7407408,-13,-1,,.4074074,1,.30043527,.1973822,.42741993,-.59882945,1.5240668,56,16,1
J. Martí,14,2024,FIA Formula 2,62,1,0,4,9,1,0,Campos Racing,2,28,0,9,Spain,.32142857,.035714287,38,0,.14285715,2.2142856,-14,-2,,.32142857,1,.1894674,-.12341263,-.38801068,.80328941,-1.1252453,52,5,2
E. Fittipaldi,15,2024,FIA Formula 2,61,0,1,2,7,1,0,Van Amersfoort Racing,11,24,0,3,Brazil,.125,.041666668,7,0,.083333336,2.5416667,-15,-11,,.29166666,1,.078499503,-.23445702,-.38801068,-.50623667,-.037731521,29,31,11
Z. O'Sullivan,16,2024,FIA Formula 2,59,0,1,1,7,1,0,ART Grand Prix,7,26,0,5,Britain,.1923077,.03846154,8,0,.03846154,2.2692308,-16,-7,,.26923078,1,-.032468382,-.3181673,-.38801068,-.057517912,-.68112844,121,2,7
A. Cordeel,17,2024,FIA Formula 2,39,0,0,0,7,0,0,Hitech Pulse-Eight,4,28,0,6,Belgium,.21428572,0,6,0,0,1.3928572,-17,-4,,.25,1,-.14343627,-.3899191,-.38801068,.08900249,-1.0103686,3,14,4
J. Correa,18,2024,FIA Formula 2,31,0,0,1,5,0,0,DAMS Lucas Oil,6,24,0,4,America,.16666667,0,1,0,.041666668,1.2916666,-18,-6,,.20833333,1,-.25440416,-.54538125,-.38801068,-.22845837,-.95933771,45,11,6
R. Miyata,19,2024,FIA Formula 2,31,0,0,0,8,0,0,Rodin Motorsport,8,28,0,2,Japan,.071428575,0,28,0,0,1.1071428,-19,-8,,.2857143,1,-.36537206,-.2566658,-.38801068,-.86338013,-.1466684,97,25,8
D. Beganovic,20,2024,FIA Formula 2,22,0,0,1,3,0,0,DAMS Lucas Oil,6,4,0,0,Sweden,0,0,39,0,.25,5.5,-20,-6,,.75,1,-.47633994,1.4756262,-.38801068,-1.3395715,1.9508471,25,11,6
T. Barnard,21,2024,FIA Formula 2,18,1,0,1,4,1,0,AIX Racing,9,19,0,3,British,.15789473,.052631579,10,0,.052631579,.94736844,-21,-9,,.21052632,1,-.58730781,-.53719896,-.38801068,-.2869381,-1.2255794,113,1,9
O. Goethe,22,2024,FIA Formula 2,14,0,0,0,2,0,0,MP Motorsport,3,8,0,3,German,.375,0,21,0,0,1.75,-22,-3,,.25,1,-.69827574,-.3899191,-.38801068,1.1604329,-2.6366384,87,18,3
R. Stanek,23,2024,FIA Formula 2,14,1,0,1,3,1,0,Trident,10,21,0,4,Czech Republic,.19047619,.047619049,16,0,.047619049,.66666669,-23,-10,,.14285715,1,-.80924362,-.78967881,-.38801068,-.069727942,-1.9172052,100,28,10
R. Villagómez,24,2024,FIA Formula 2,13,0,0,0,4,0,0,Van Amersfoort Racing,11,28,0,5,Mexico,.17857143,0,30,0,0,.4642857,-24,-11,,.14285715,1,-.92021149,-.78967881,-.38801068,-.14909317,-1.9488078,103,31,11
C. Mansell,25,2024,FIA Formula 2,10,0,0,0,3,0,0,Trident,10,6,0,0,Australia,0,0,3,0,0,1.6666666,-25,-10,,.5,1,-1.0311794,.54285359,-.38801068,-1.3395715,.46323496,20,28,10
L. Browning,26,2024,FIA Formula 2,7,0,0,0,2,0,0,ART Grand Prix,7,6,0,0,British,0,0,10,0,0,1.1666666,-26,-7,,.33333334,1,-1.1421473,-.078994833,-.38801068,-1.3395715,-.26958135,57,2,7
G. Minì,27,2024,FIA Formula 2,6,0,0,1,1,0,0,Prema Racing,5,2,0,1,Italy,.5,0,27,0,.5,3,-27,-5,,.5,1,-1.2531152,.54285359,-.38801068,1.9937677,-3.0920401,36,21,5
J. Bennett,28,2024,FIA Formula 2,4,0,0,0,1,0,0,Van Amersfoort Racing,11,4,0,0,British,0,0,10,0,0,1,-28,-11,,.25,1,-1.3640831,-.3899191,-.38801068,-1.3395715,-.80244136,43,31,11
L. Fornaroli,29,2024,FIA Formula 2,0,0,0,0,0,0,0,Rodin Motorsport,8,2,0,0,Italy,0,0,27,0,0,0,-29,-8,,0,1,-1.4750509,-1.3226918,-.38801068,-1.3395715,-1.8461819,59,25,8
C. Shields,30,2024,FIA Formula 2,0,0,0,0,0,0,0,Trident,10,4,0,0,British,0,0,10,0,0,0,-30,-10,,0,1,-1.5860188,-1.3226918,-.38801068,-1.3395715,-1.9571497,22,28,10
M. Esterson,31,2024,FIA Formula 2,0,0,0,0,0,0,0,Trident,10,4,0,0,America,0,0,1,0,0,0,-31,-10,,0,1,-1.6969867,-1.3226918,-.38801068,-1.3395715,-2.0681176,67,28,10
N. Koolen,32,2024,FIA Formula 2,0,0,0,0,0,0,0,AIX Racing,9,4,0,1,Netherlands,.25,0,32,0,0,0,-32,-9,,0,1,-1.8079547,-1.3226918,-.38801068,.32709813,-3.8457553,78,1,9
T. Pourchaire,1,2023,FIA Formula 2,203,0,1,10,19,1,0,ART Grand Prix,1,26,2,4,France,.15384616,.03846154,20,.07692308,.38461539,7.8076925,-1,-1,,.73076922,1,1.6320499,1.4038744,1.3055761,-.3139286,4.6554289,117,2,1
F. Vesti,2,2023,FIA Formula 2,192,4,2,10,16,6,0,Prema Racing,2,25,1,5,Denmark,.2,.23999999,17,.039999999,.40000001,7.6799998,-2,-2,,.63999999,1,1.521082,1.0652062,.49265435,-.0062357713,3.0851784,32,21,2
J. Doohan,3,2023,FIA Formula 2,168,0,3,5,16,3,1,Invicta Virtuosi Racing,5,25,2,4,Australia,.16,.12,3,.079999998,.2,6.7199998,-3,-5,,.63999999,1,1.4101142,1.0652062,1.3733194,-.27290297,4.1215429,48,17,5
A. Iwasa,4,2023,FIA Formula 2,165,2,1,6,17,3,0,DAMS,4,26,1,3,Japan,.11538462,.11538462,28,.03846154,.23076923,6.3461537,-4,-4,,.65384614,1,1.2991463,1.1168675,.45878267,-.57033938,3.4451358,8,9,4
V. Martins,5,2023,FIA Formula 2,150,0,1,9,18,1,0,ART Grand Prix,1,25,3,5,France,.2,.039999999,20,.12,.36000001,6,-5,-1,,.72000003,1,1.1881784,1.3636936,2.2539845,-.0062357713,4.8120923,118,2,1
O. Bearman,6,2023,FIA Formula 2,130,1,3,5,14,4,0,Prema Racing,2,26,3,4,United Kingdom,.15384616,.15384616,43,.11538462,.1923077,5,-6,-2,,.53846157,1,1.0772105,.68635714,2.1523693,-.3139286,4.2298656,85,21,2
E. Fittipaldi,7,2023,FIA Formula 2,124,1,0,5,15,1,0,Rodin Carlin,3,25,0,4,Brazil,.16,.039999999,7,0,.2,4.96,-7,-3,,.60000002,1,.96624261,.91596276,-.38801068,-.27290297,1.7670977,29,24,3
D. Hauger,8,2023,FIA Formula 2,113,2,0,4,16,2,0,MP Motorsport,6,25,0,4,Norway,.16,.079999998,34,0,.16,4.52,-8,-6,,.63999999,1,.85527474,1.0652062,-.38801068,-.27290297,1.8053732,27,18,6
R. Verschoor,9,2023,FIA Formula 2,108,0,1,3,14,1,0,Van Amersfoort Racing,7,25,0,5,Netherlands,.2,.039999999,32,0,.12,4.3200002,-9,-7,,.56,1,.74430686,.76671904,-.38801068,-.0062357713,1.129251,102,31,7
Z. Maloney,10,2023,FIA Formula 2,96,0,0,4,8,0,0,Rodin Carlin,3,26,0,4,Barbados,.15384616,0,5,0,.15384616,3.6923077,-10,-3,,.30769232,1,.63333893,-.17466383,-.38801068,-.3139286,.38459301,120,24,3
K. Maini,11,2023,FIA Formula 2,62,0,0,1,12,0,0,Campos Racing,9,26,0,4,India,.15384616,0,23,0,.03846154,2.3846154,-11,-9,,.46153846,1,.52237105,.39935011,-.38801068,-.3139286,.84763908,56,5,9
J. Daruvala,12,2023,FIA Formula 2,59,0,0,3,9,0,0,MP Motorsport,6,24,0,5,India,.20833333,0,23,0,.125,2.4583333,-12,-6,,.375,1,.41140318,.076467238,-.38801068,.04931983,.050539907,47,18,6
J. Crawford,13,2023,FIA Formula 2,57,1,0,5,10,1,0,Hitech Pulse-Eight,8,26,1,5,United States,.1923077,.03846154,44,.03846154,.1923077,2.1923077,-13,-8,,.38461539,1,.30043527,.11234314,.45878267,-.057517912,.929079,46,14,8
I. Hadjar,14,2023,FIA Formula 2,55,0,0,1,11,0,0,Hitech Pulse-Eight,8,26,0,2,France,.07692308,0,20,0,.03846154,2.1153846,-14,-8,,.42307693,1,.1894674,.25584662,-.38801068,-.82675004,.88405335,41,14,8
A. Leclerc,15,2023,FIA Formula 2,49,0,0,1,10,0,0,DAMS,4,26,0,4,Monaco,.15384616,0,31,0,.03846154,1.8846154,-15,-4,,.38461539,1,.078499503,.11234314,-.38801068,-.3139286,.11676057,9,9,4
R. Boschung,16,2023,FIA Formula 2,37,1,0,2,6,1,0,Campos Racing,9,25,0,7,Switzerland,.28,.039999999,40,0,.079999998,1.48,-16,-9,,.23999999,1,-.032468382,-.42723003,-.38801068,.52709848,-1.3748076,94,5,9
C. Novalak,17,2023,FIA Formula 2,28,0,1,1,2,1,0,Trident,10,23,0,4,France,.17391305,.043478262,20,0,.043478262,1.2173913,-17,-10,,.086956523,1,-.14343627,-.99824911,-.38801068,-.18014912,-1.3495469,21,28,10
R. Stanek,18,2023,FIA Formula 2,15,0,0,0,6,0,0,Trident,10,26,0,3,Czech Republic,.11538462,0,16,0,0,.57692307,-18,-10,,.23076923,1,-.25440416,-.46167085,-.38801068,-.57033938,-.5337463,100,28,10
J. Correa,19,2023,FIA Formula 2,13,0,0,0,6,0,0,Van Amersfoort Racing,7,26,0,2,United States,.07692308,0,44,0,0,.5,-19,-7,,.23076923,1,-.36537206,-.46167085,-.38801068,-.82675004,-.38830355,45,31,7
A. Cordeel,20,2023,FIA Formula 2,8,0,0,0,2,0,0,Invicta Virtuosi Racing,5,26,0,4,Belgium,.15384616,0,6,0,0,.30769232,-20,-5,,.07692308,1,-.47633994,-1.0356848,-.38801068,-.3139286,-1.5861068,3,17,5
R. Nissany,21,2023,FIA Formula 2,0,0,0,0,0,0,0,PHM Racing by Charouz,11,26,0,5,Israel,.1923077,0,26,0,0,0,-21,-11,,0,1,-.58730781,-1.3226918,-.38801068,-.057517912,-2.2404923,98,19,11
B. Benavides,22,2023,FIA Formula 2,0,0,0,0,0,0,0,PHM Racing by Charouz,11,18,0,4,United States,.22222222,0,44,0,0,0,-22,-11,,0,1,-.69827574,-1.3226918,-.38801068,.14191264,-2.5508909,14,19,11
J. Mason,23,2023,FIA Formula 2,0,0,0,0,0,0,0,PHM Racing by Charouz,11,8,0,1,United Kingdom,.125,0,43,0,0,0,-23,-11,,0,1,-.80924362,-1.3226918,-.38801068,-.50623667,-2.0137095,53,19,11
P. Aron,24,2023,FIA Formula 2,0,0,0,0,0,0,0,Trident,10,2,0,0,Estonia,0,0,18,0,0,0,-24,-10,,0,1,-.92021149,-1.3226918,-.38801068,-1.3395715,-1.2913425,90,28,10
F. Colapinto,25,2023,FIA Formula 2,0,0,0,0,0,0,0,MP Motorsport,6,2,0,1,Argentina,.5,0,2,0,0,0,-25,-6,,0,1,-1.0311794,-1.3226918,-.38801068,1.9937677,-4.7356496,30,18,6
F. Drugovich,1,2022,FIA Formula 2,265,1,4,12,25,5,0,MP Motorsport,1,28,4,2,Brazil,.071428575,.17857143,7,.14285715,.42857143,9.4642859,-1,-1,,.89285713,1,1.6320499,2.0086391,2.7572219,-.86338013,7.261291,31,18,1
T. Pourchaire,2,2022,FIA Formula 2,164,0,3,7,16,3,0,ART Grand Prix,3,28,0,5,France,.17857143,.10714286,20,0,.25,5.8571429,-2,-3,,.5714286,1,1.521082,.80936015,-.38801068,-.14909317,2.0915246,117,2,3
L. Lawson,3,2022,FIA Formula 2,149,4,0,10,19,4,1,Carlin,2,28,0,4,New Zealand,.14285715,.14285715,33,0,.35714287,5.3214288,-3,-2,,.6785714,1,1.4101142,1.2091197,-.38801068,-.38718882,2.618412,61,7,2
L. Sargeant,4,2022,FIA Formula 2,148,0,2,4,21,2,1,Carlin,2,28,2,6,United States,.21428572,.071428575,44,.071428575,.14285715,5.2857141,-4,-2,,.75,1,1.2991463,1.4756262,1.1846056,.08900249,3.8703756,63,7,2
A. Iwasa,5,2022,FIA Formula 2,141,0,2,6,16,2,0,DAMS,6,27,2,1,Japan,.037037037,.074074075,28,.074074075,.22222222,5.2222223,-5,-6,,.5925926,1,1.1881784,.88832498,1.2428505,-1.0926574,4.4120111,8,9,6
J. Doohan,6,2022,FIA Formula 2,128,2,1,6,17,3,0,Virtuosi Racing,7,28,3,6,Australia,.21428572,.10714286,3,.10714286,.21428572,4.5714288,-6,-7,,.60714287,1,1.0772105,.9426133,1.9709136,.08900249,3.9017351,48,32,7
E. Fittipaldi,7,2022,FIA Formula 2,126,0,0,6,15,0,0,Prema Racing,4,28,0,3,Brazil,.10714286,0,7,0,.21428572,4.5,-7,-4,,.53571427,1,.96624261,.67610675,-.38801068,-.62528449,1.8796232,29,21,4
J. Daruvala,8,2022,FIA Formula 2,126,0,1,8,17,1,0,Charouz Racing System,8,27,0,3,India,.11111111,.037037037,23,0,.2962963,4.6666665,-8,-8,,.62962961,1,.85527474,1.0265135,-.38801068,-.59882945,2.092607,47,8,8
F. Vesti,9,2022,FIA Formula 2,117,1,0,5,14,1,0,ART Grand Prix,3,28,1,2,Denmark,.071428575,.035714287,17,.035714287,.17857143,4.1785712,-9,-3,,.5,1,.74430686,.54285359,.39829746,-.86338013,2.5488381,32,2,3
D. Hauger,10,2022,FIA Formula 2,115,1,1,4,12,2,0,Prema Racing,4,28,0,4,Norway,.14285715,.071428575,34,0,.14285715,4.1071429,-10,-4,,.42857143,1,.63333893,.2763471,-.38801068,-.38718882,.90886414,27,21,4
J. Vips,11,2022,FIA Formula 2,114,1,0,5,19,1,0,Hitech Grand Prix,5,28,2,3,Estonia,.10714286,.035714287,18,.071428575,.17857143,4.0714288,-11,-5,,.6785714,1,.52237105,1.2091197,1.1846056,-.62528449,3.5413809,54,13,5
R. Verschoor,12,2022,FIA Formula 2,103,1,0,4,14,1,0,Trident,9,27,0,4,Netherlands,.14814815,.037037037,32,0,.14814815,3.8148148,-12,-9,,.51851851,1,.41140318,.61194777,-.38801068,-.35191542,.98725569,102,28,9
M. Armstrong,13,2022,FIA Formula 2,93,3,0,4,14,3,0,Hitech Grand Prix,5,28,0,4,New Zealand,.14285715,.10714286,33,0,.14285715,3.3214285,-13,-5,,.5,1,.30043527,.54285359,-.38801068,-.38718882,.84246701,66,13,5
C. Novalak,14,2022,FIA Formula 2,40,0,0,1,6,0,0,MP Motorsport,1,28,0,6,France,.21428572,0,20,0,.035714287,1.4285715,-14,-1,,.21428572,1,.1894674,-.52317232,-.38801068,.08900249,-.81071806,21,18,1
R. Boschung,15,2022,FIA Formula 2,40,0,0,2,5,0,0,Campos Racing,11,16,0,4,Switzerland,.25,0,40,0,.125,2.5,-15,-11,,.3125,1,.078499503,-.15672593,-.38801068,.32709813,-.79333526,94,5,11
J. Hughes,16,2022,FIA Formula 2,26,0,0,0,5,0,0,Van Amersfoort Racing,10,15,0,3,United Kingdom,.2,0,43,0,0,1.7333333,-16,-10,,.33333334,1,-.032468382,-.078994833,-.38801068,-.0062357713,-.49323812,50,31,10
A. Cordeel,17,2022,FIA Formula 2,26,0,0,0,4,0,0,Van Amersfoort Racing,10,24,0,5,Belgium,.20833333,0,6,0,0,1.0833334,-17,-10,,.16666667,1,-.14343627,-.70084327,-.38801068,.04931983,-1.28161,3,31,10
D. Beckmann,18,2022,FIA Formula 2,25,0,0,0,5,0,0,Van Amersfoort Racing,10,14,0,1,Germany,.071428575,0,22,0,0,1.7857143,-18,-10,,.35714287,1,-.25440416,.0098406523,-.38801068,-.86338013,.23080595,24,31,10
R. Nissany,19,2022,FIA Formula 2,20,0,0,0,8,0,0,DAMS,6,6,0,4,Israel,.66666669,0,26,0,0,3.3333333,-19,-6,,1.3333334,1,-.36537206,3.652096,-.38801068,3.104881,-.20616776,98,9,6
R. Merhi,20,2022,FIA Formula 2,15,0,0,1,1,0,0,Campos Racing,11,26,0,4,Spain,.15384616,0,38,0,.03846154,.57692307,-20,-11,,.03846154,1,-.47633994,-1.1791883,-.38801068,-.3139286,-1.7296102,96,5,11
O. Caldwell,21,2022,FIA Formula 2,12,0,0,0,2,0,0,Campos Racing,11,28,0,7,United Kingdom,.25,0,43,0,0,.42857143,-21,-11,,.071428575,1,-.58730781,-1.0561852,-.38801068,.32709813,-2.3586018,86,5,11
M. Sato,22,2022,FIA Formula 2,6,0,0,0,3,0,0,Virtuosi Racing,7,28,0,5,Japan,.17857143,0,28,0,0,.21428572,-22,-7,,.10714286,1,-.69827574,-.92293203,-.38801068,-.14909317,-1.8601253,72,32,7
C. Williams,23,2022,FIA Formula 2,5,0,0,0,1,0,0,Trident,9,26,0,4,Australia,.15384616,0,3,0,0,.1923077,-23,-9,,.03846154,1,-.80924362,-1.1791883,-.38801068,-.3139286,-2.0625138,23,28,9
C. Bölükba,24,2022,FIA Formula 2,0,0,0,0,0,0,0,Charouz Racing System,8,16,0,4,Turkey,.25,0,42,0,0,0,-24,-8,,0,1,-.92021149,-1.3226918,-.38801068,.32709813,-2.9580121,16,8,8
L. Ghiotto,25,2022,FIA Formula 2,0,0,0,0,0,0,0,DAMS,6,2,0,1,Italy,.5,0,27,0,0,0,-25,-6,,0,1,-1.0311794,-1.3226918,-.38801068,1.9937677,-4.7356496,60,9,6
Z. Maloney,26,2022,FIA Formula 2,0,0,0,0,0,0,0,Trident,9,2,0,0,Barbados,0,0,5,0,0,0,-26,-9,,0,1,-1.1421473,-1.3226918,-.38801068,-1.3395715,-1.5132782,120,28,9
J. Correa,27,2022,FIA Formula 2,0,0,0,0,0,0,0,Van Amersfoort Racing,10,2,0,0,United States,0,0,44,0,0,0,-27,-10,,0,1,-1.2531152,-1.3226918,-.38801068,-1.3395715,-1.6242461,45,31,10
T. Calderón,28,2022,FIA Formula 2,0,0,0,0,0,0,0,Charouz Racing System,8,7,0,4,Colombia,.5714286,0,14,0,0,0,-28,-8,,0,1,-1.3640831,-1.3226918,-.38801068,2.4699593,-5.544745,114,8,8
L. Zendeli,29,2022,FIA Formula 2,0,0,0,0,0,0,0,Campos Racing,11,2,0,1,Germany,.5,0,22,0,0,0,-29,-11,,0,1,-1.4750509,-1.3226918,-.38801068,1.9937677,-5.1795211,64,5,11
O. Piastri,1,2021,FIA Formula 2,252.5,1,1,7,13,2,1,Prema Racing,1,23,5,3,Australia,.13043478,.086956523,3,.2173913,.30434781,10.978261,-1,-1,,.56521738,1,1.6320499,.7861855,4.3982124,-.47000474,7.2864528,88,21,1
R. Shwartzman,2,2021,FIA Formula 2,192,3,0,6,13,3,0,Prema Racing,1,23,0,2,Russia,.086956523,.13043478,37,0,.26086956,8.347826,-2,-1,,.56521738,1,1.521082,.7861855,-.38801068,-.75986034,2.6791172,99,21,1
G. Zhou,3,2021,FIA Formula 2,183,3,0,4,10,3,1,UNI-Virtuosi Racing,2,22,1,3,China,.13636364,.13636364,13,.045454547,.18181819,8.318182,-3,-2,,.45454547,1,1.4101142,.37325859,.61274511,-.43047893,2.8265967,40,30,2
D. Ticktum,4,2021,FIA Formula 2,159.5,2,0,3,13,2,0,Carlin,3,23,0,3,United Kingdom,.13043478,.086956523,43,0,.13043478,6.9347825,-4,-3,,.56521738,1,1.2991463,.7861855,-.38801068,-.47000474,2.167326,28,7,3
T. Pourchaire,5,2021,FIA Formula 2,140,1,0,5,10,1,0,ART Grand Prix,5,23,1,4,France,.17391305,.043478262,20,.043478262,.2173913,6.0869565,-5,-5,,.43478259,1,1.1881784,.29952151,.56923395,-.18014912,2.237083,117,2,5
J. Vips,6,2021,FIA Formula 2,120,3,0,5,10,3,0,Hitech Grand Prix,4,23,0,4,Estonia,.17391305,.13043478,18,0,.2173913,5.2173915,-6,-4,,.43478259,1,1.0772105,.29952151,-.38801068,-.18014912,1.1688704,54,13,4
J. Daruvala,7,2021,FIA Formula 2,113,2,0,5,9,2,0,Carlin,3,23,0,1,India,.043478262,.086956523,23,0,.2173913,4.9130435,-7,-3,,.39130434,1,.96624261,.13730022,-.38801068,-1.0497159,1.7652481,47,7,3
F. Drugovich,8,2021,FIA Formula 2,105,2,0,4,6,2,0,UNI-Virtuosi Racing,2,21,0,3,Brazil,.14285715,.095238097,7,0,.19047619,5,-8,-2,,.2857143,1,.85527474,-.2566658,-.38801068,-.38718882,.59778708,31,30,2
L. Lawson,9,2021,FIA Formula 2,103,2,0,4,10,2,0,Hitech Grand Prix,4,22,1,7,New Zealand,.31818181,.090909094,33,.045454547,.18181819,4.681818,-9,-4,,.45454547,1,.74430686,.37325859,.61274511,.78164434,.94866621,61,13,4
R. Boschung,10,2021,FIA Formula 2,59.5,0,0,1,5,0,0,Campos Racing,7,23,0,4,Switzerland,.17391305,0,40,0,.043478262,2.5869565,-10,-7,,.2173913,1,.63333893,-.51158512,-.38801068,-.18014912,-.086107746,94,5,7
R. Verschoor,11,2021,FIA Formula 2,56,0,0,1,5,0,0,MP Motorsport,6,19,0,5,Netherlands,.2631579,0,32,0,.052631579,2.9473684,-11,-6,,.2631579,1,.52237105,-.34082577,-.38801068,.41481766,-.62128305,102,18,6
C. Lundgaard,12,2021,FIA Formula 2,50,2,0,2,7,2,0,ART Grand Prix,5,23,0,3,Denmark,.13043478,.086956523,17,0,.086956523,2.173913,-12,-5,,.30434781,1,.41140318,-.18714248,-.38801068,-.47000474,.30625474,19,2,5
M. Armstrong,13,2021,FIA Formula 2,49,1,0,1,3,1,0,DAMS ,8,23,0,7,New Zealand,.30434781,.043478262,33,0,.043478262,2.1304348,-13,-8,,.13043478,1,.30043527,-.83602774,-.38801068,.68941754,-1.6130207,66,10,8
B. Viscaal,14,2021,FIA Formula 2,34,0,0,0,4,0,0,Trident,9,23,0,4,Netherlands,.17391305,0,32,0,0,1.4782609,-14,-9,,.17391305,1,.1894674,-.67380643,-.38801068,-.18014912,-.6922006,15,28,9
D. Beckmann,15,2021,FIA Formula 2,32,1,0,1,6,1,0,Charouz Racing System,10,17,0,2,Germany,.11764706,.05882353,22,0,.05882353,1.8823529,-15,-10,,.35294119,1,.078499503,-.0058361986,-.38801068,-.55525637,.23990899,24,8,10
R. Nissany,16,2021,FIA Formula 2,16,1,0,1,1,1,0,DAMS ,8,23,0,4,Israel,.17391305,.043478262,26,0,.043478262,.69565219,-16,-8,,.043478262,1,-.032468382,-1.1604704,-.38801068,-.18014912,-1.4008003,98,10,8
L. Zendeli,17,2021,FIA Formula 2,13,0,0,0,2,0,0,MP Motorsport,6,17,0,4,Germany,.23529412,0,22,0,0,.7647059,-17,-6,,.11764706,1,-.14343627,-.88373989,-.38801068,.22905876,-1.6442456,64,18,6
J. Hughes,18,2021,FIA Formula 2,8,0,0,1,1,0,0,HWA Racelab,11,8,0,3,United Kingdom,.375,0,43,0,.125,1,-18,-11,,.125,1,-.25440416,-.85630542,-.38801068,1.1604329,-2.6591532,50,12,11
J. Doohan,19,2021,FIA Formula 2,7,0,0,0,2,0,0,MP Motorsport,6,6,0,1,Australia,.16666667,0,3,0,0,1.1666666,-19,-6,,.33333334,1,-.36537206,-.078994833,-.38801068,-.22845837,-.60391921,48,18,6
E. Fittipaldi,20,2021,FIA Formula 2,2,0,0,0,1,0,0,Charouz Racing System,10,8,0,2,Brazil,.25,0,7,0,0,.25,-20,-10,,.125,1,-.47633994,-.85630542,-.38801068,.32709813,-2.0477543,29,8,10
M. Nannini,21,2021,FIA Formula 2,1,0,0,0,0,0,0,Campos Racing,7,8,0,1,Italy,.125,0,27,0,0,.125,-21,-7,,0,1,-.58730781,-1.3226918,-.38801068,-.50623667,-1.7917736,70,5,7
M. Sato,22,2021,FIA Formula 2,1,0,0,0,1,0,0,Trident,9,23,0,4,Japan,.17391305,0,28,0,0,.043478262,-22,-9,,.043478262,1,-.69827574,-1.1604704,-.38801068,-.18014912,-2.0666077,72,28,9
J. Aitken,23,2021,FIA Formula 2,0,0,0,0,0,0,0,HWA Racelab,11,9,0,1,United Kingdom,.11111111,0,43,0,0,0,-23,-11,,0,1,-.80924362,-1.3226918,-.38801068,-.59882945,-1.9211166,42,12,11
G. Samaia,24,2021,FIA Formula 2,0,0,0,0,0,0,0,Charouz Racing System,10,23,0,6,Brazil,.26086956,0,7,0,0,0,-24,-10,,0,1,-.92021149,-1.3226918,-.38801068,.399562,-3.0304761,39,8,10
A. Deledda,25,2021,FIA Formula 2,0,0,0,0,0,0,0,HWA Racelab,11,23,0,9,Italy,.39130434,0,27,0,0,0,-25,-11,,0,1,-1.0311794,-1.3226918,-.38801068,1.2691288,-4.0110106,4,12,11
O. Caldwell,26,2021,FIA Formula 2,0,0,0,0,0,0,0,Campos Racing,7,6,0,0,United Kingdom,0,0,43,0,0,0,-26,-7,,0,1,-1.1421473,-1.3226918,-.38801068,-1.3395715,-1.5132782,86,5,7
G. Petecof,27,2021,FIA Formula 2,0,0,0,0,0,0,0,Campos Racing,7,6,0,3,Brazil,.5,0,7,0,0,0,-27,-7,,0,1,-1.2531152,-1.3226918,-.38801068,1.9937677,-4.9575853,37,5,7
C. Novalak,28,2021,FIA Formula 2,0,0,0,0,0,0,0,MP Motorsport,6,6,0,1,France,.16666667,0,20,0,0,0,-28,-6,,0,1,-1.3640831,-1.3226918,-.38801068,-.22845837,-2.8463271,21,18,6
L. Sargeant,29,2021,FIA Formula 2,0,0,0,0,0,0,0,HWA Racelab,11,3,0,1,United States,.33333334,0,44,0,0,0,-29,-11,,0,1,-1.4750509,-1.3226918,-.38801068,.88265473,-4.068408,63,12,11
M. Schumacher,1,2020,FIA Formula 2,215,0,2,10,20,2,1,Prema Racing,1,24,0,1,Germany,.041666668,.083333336,22,0,.41666666,8.958333,-1,-1,,.83333331,1,1.6320499,1.7865504,-.38801068,-1.0617932,4.0923829,73,21,1
C. Ilott,2,2020,FIA Formula 2,201,1,2,7,18,3,0,UNI-Virtuosi Racing,2,24,5,2,United Kingdom,.083333336,.125,43,.20833333,.29166666,8.375,-2,-2,,.75,1,1.521082,1.4756262,4.1987867,-.78401494,7.9795098,17,30,2
Y. Tsunoda,3,2020,FIA Formula 2,200,1,2,7,13,3,1,Carlin,3,23,4,2,Japan,.086956523,.13043478,28,.17391305,.30434781,8.695652,-3,-3,,.56521738,1,1.4101142,.7861855,3.440968,-.75986034,6.3971281,119,7,3
R. Shwartzman,4,2020,FIA Formula 2,177,2,2,6,15,4,0,Prema Racing,1,24,0,2,Russia,.083333336,.16666667,37,0,.25,7.375,-4,-1,,.625,1,1.2991463,1.0092399,-.38801068,-.78401494,2.7043905,99,21,1
N. Mazepin,5,2020,FIA Formula 2,164,0,2,5,17,2,1,Hitech Grand Prix,4,23,0,0,Russia,0,.086956523,37,0,.2173913,7.130435,-5,-4,,.73913044,1,1.1881784,1.4350709,-.38801068,-1.3395715,3.57481,81,13,4
G. Zhou,6,2020,FIA Formula 2,151.5,0,0,6,18,0,0,UNI-Virtuosi Racing,2,23,1,1,China,.043478262,0,13,.043478262,.26086956,6.5869565,-6,-2,,.78260869,1,1.0772105,1.5972922,.56923395,-1.0497159,4.2934527,40,30,2
C. Lundgaard,7,2020,FIA Formula 2,149,2,0,6,13,2,0,ART Grand Prix,5,24,1,2,Denmark,.083333336,.083333336,17,.041666668,.25,6.2083335,-7,-5,,.54166669,1,.96624261,.69831574,.52934879,-.78401494,2.977922,19,2,5
L. Delétraz,8,2020,FIA Formula 2,134,0,0,5,16,0,0,Charouz Racing System,7,24,0,0,Switzerland,0,0,40,0,.20833333,5.5833335,-8,-7,,.66666669,1,.85527474,1.1647021,-.38801068,-1.3395715,2.9715376,58,8,7
F. Drugovich,9,2020,FIA Formula 2,121,2,1,4,13,3,0,MP Motorsport,6,23,1,3,Brazil,.13043478,.13043478,7,.043478262,.17391305,5.2608695,-9,-6,,.56521738,1,.74430686,.7861855,.56923395,-.47000474,2.569731,31,18,6
L. Ghiotto,10,2020,FIA Formula 2,106,1,0,4,11,1,0,Hitech Grand Prix,4,23,0,5,Italy,.2173913,.043478262,27,0,.17391305,4.6086955,-10,-4,,.47826087,1,.63333893,.46174294,-.38801068,.10970639,.59736478,60,13,4
D. Ticktum,11,2020,FIA Formula 2,96.5,1,0,4,17,1,0,DAMS,8,22,0,1,United Kingdom,.045454547,.045454547,43,0,.18181819,4.3863635,-11,-8,,.77272725,1,.52237105,1.5604237,-.38801068,-1.0365406,2.7313247,28,9,8
J. Daruvala,12,2020,FIA Formula 2,72,1,0,2,11,1,0,Carlin,3,24,0,1,India,.041666668,.041666668,23,0,.083333336,3,-12,-3,,.45833334,1,.41140318,.38739151,-.38801068,-1.0617932,1.4725772,47,7,3
M. Armstrong,13,2020,FIA Formula 2,52,0,0,2,7,0,0,ART Grand Prix,5,24,0,4,New Zealand,.16666667,0,33,0,.083333336,2.1666667,-13,-5,,.29166666,1,.30043527,-.23445702,-.38801068,-.22845837,-.093574047,66,2,5
J. Aitken,14,2020,FIA Formula 2,48,0,0,2,10,0,0,Campos Racing,9,22,0,3,United Kingdom,.13636364,0,43,0,.090909094,2.1818182,-14,-9,,.45454547,1,.1894674,.37325859,-.38801068,-.43047893,.60519421,42,5,9
N. Matsushita,15,2020,FIA Formula 2,42,0,1,1,6,1,0,MP Motorsport,6,17,0,2,Japan,.11764706,.05882353,28,0,.05882353,2.4705882,-15,-6,,.35294119,1,.078499503,-.0058361986,-.38801068,-.55525637,.23990899,80,18,6
J. Vips,16,2020,FIA Formula 2,16,0,0,1,2,0,0,DAMS,8,8,0,1,Estonia,.125,0,18,0,.125,2,-16,-8,,.25,1,-.032468382,-.3899191,-.38801068,-.50623667,-.30416149,54,9,8
G. Alesi,17,2020,FIA Formula 2,12,0,0,0,2,0,0,BWT HWA Racelab,10,24,0,4,France,.16666667,0,20,0,0,.5,-17,-10,,.083333336,1,-.14343627,-1.0117675,-.38801068,-.22845837,-1.314756,33,4,10
R. Nissany,18,2020,FIA Formula 2,5,0,0,0,2,0,0,Trident,11,24,0,5,Israel,.20833333,0,26,0,0,.20833333,-18,-11,,.083333336,1,-.25440416,-1.0117675,-.38801068,.04931983,-1.7035022,98,28,11
A. Markelov,19,2020,FIA Formula 2,5,0,0,0,2,0,0,BWT HWA Racelab,10,23,0,3,Russia,.13043478,0,37,0,0,.2173913,-19,-10,,.086956523,1,-.36537206,-.99824911,-.38801068,-.47000474,-1.2816272,13,4,10
P. Piquet,20,2020,FIA Formula 2,3,0,0,0,2,0,0,Charouz Racing System,7,24,0,1,Brazil,.041666668,0,7,0,0,.125,-20,-7,,.083333336,1,-.47633994,-1.0117675,-.38801068,-1.0617932,-.81432492,92,8,7
S. Gelael,21,2020,FIA Formula 2,3,0,0,0,2,0,0,DAMS,8,10,0,7,Indonesia,.69999999,0,24,0,0,.30000001,-21,-8,,.2,1,-.58730781,-.57647359,-.38801068,3.3271034,-4.8788953,108,9,8
M. Sato,22,2020,FIA Formula 2,1,0,0,0,1,0,0,Trident,11,24,0,4,Japan,.16666667,0,28,0,0,.041666668,-22,-11,,.041666668,1,-.69827574,-1.1672297,-.38801068,-.22845837,-2.0250578,72,28,11
J. Hughes,23,2020,FIA Formula 2,0,0,0,0,0,0,0,BWT HWA Racelab,10,2,0,1,United Kingdom,.5,0,43,0,0,0,-23,-10,,0,1,-.80924362,-1.3226918,-.38801068,1.9937677,-4.5137138,50,4,10
G. Samaia,24,2020,FIA Formula 2,0,0,0,0,0,0,0,Campos Racing,9,24,0,3,Brazil,.125,0,7,0,0,0,-24,-9,,0,1,-.92021149,-1.3226918,-.38801068,-.50623667,-2.1246772,39,5,9
R. Boschung,25,2020,FIA Formula 2,0,0,0,0,0,0,0,Campos Racing,9,2,0,1,Switzerland,.5,0,40,0,0,0,-25,-9,,0,1,-1.0311794,-1.3226918,-.38801068,1.9937677,-4.7356496,94,5,9
T. Pourchaire,26,2020,FIA Formula 2,0,0,0,0,0,0,0,BWT HWA Racelab,10,4,0,1,France,.25,0,20,0,0,0,-26,-10,,0,1,-1.1421473,-1.3226918,-.38801068,.32709813,-3.1799479,117,4,10
N. de Vries,1,2019,FIA Formula 2,266,1,3,12,20,4,0,ART Grand Prix,3,22,5,0,Netherlands,0,.18181819,32,.22727273,.54545456,12.090909,-1,-3,,.90909094,1,1.6320499,2.0692089,4.6157684,-1.3395715,9.656599,84,2,3
N. Latifi,2,2019,FIA Formula 2,214,1,3,9,19,4,1,DAMS,1,22,0,0,Canada,0,.18181819,12,0,.40909091,9.727273,-2,-1,,.86363637,1,1.521082,1.8996139,-.38801068,-1.3395715,4.3722568,79,9,1
L. Ghiotto,3,2019,FIA Formula 2,207,3,1,10,15,4,0,UNI-Virtuosi Racing,2,21,2,4,Italy,.19047619,.19047619,27,.095238097,.47619048,9.8571424,-3,-2,,.71428573,1,1.4101142,1.342373,1.7088109,-.069727942,4.5310259,60,30,2
S. Sette Câmara,4,2019,FIA Formula 2,204,1,1,8,17,2,0,DAMS,1,22,2,2,Brazil,.090909094,.090909094,7,.090909094,.36363637,9.272727,-4,-1,,.77272725,1,1.2991463,1.5604237,1.613501,-.73350978,5.2065806,111,9,1
J. Aitken,5,2019,FIA Formula 2,159,2,1,7,15,3,0,Campos Racing,5,22,0,1,United Kingdom,.045454547,.13636364,43,0,.31818181,7.2272725,-5,-5,,.68181819,1,1.1881784,1.2212337,-.38801068,-1.0365406,3.0579422,42,5,5
N. Matsushita,6,2019,FIA Formula 2,144,0,2,5,16,2,0,Carlin,4,22,1,2,Japan,.090909094,.090909094,28,.045454547,.22727273,6.5454545,-6,-4,,.72727275,1,1.0772105,1.3908288,.61274511,-.73350978,3.8142943,80,7,4
G. Zhou,7,2019,FIA Formula 2,140,0,0,5,18,0,0,UNI-Virtuosi Racing,2,22,1,2,China,.090909094,0,13,.045454547,.22727273,6.3636365,-7,-2,,.81818181,1,.96624261,1.7300187,.61274511,-.73350978,4.0425162,40,30,2
L. Delétraz,8,2019,FIA Formula 2,92,0,0,3,12,0,0,Carlin,4,22,0,5,Switzerland,.22727273,0,40,0,.13636364,4.181818,-8,-4,,.54545456,1,.85527474,.71244866,-.38801068,.17558277,1.0041299,58,7,4
J. King,9,2019,FIA Formula 2,79,0,0,2,12,0,0,MP Motorsport,7,20,0,1,United Kingdom,.050000001,0,43,0,.1,3.95,-9,-7,,.60000002,1,.74430686,.91596276,-.38801068,-1.0062375,2.2784965,51,18,7
A. Hubert,10,2019,FIA Formula 2,77,2,0,2,9,2,0,BWT Arden,8,16,0,0,France,0,.125,20,0,.125,4.8125,-10,-8,,.5625,1,.63333893,.77604675,-.38801068,-1.3395715,2.3609464,7,3,8
C. Ilott,11,2019,FIA Formula 2,74,0,0,3,11,0,0,Sauber Junior Team by Charouz,6,19,1,3,United Kingdom,.15789473,0,43,.052631579,.15789473,3.8947368,-11,-6,,.57894737,1,.52237105,.83741337,.77075917,-.2869381,2.4174817,17,27,6
M. Schumacher,12,2019,FIA Formula 2,53,1,0,1,9,1,0,Prema Racing,9,19,0,5,Germany,.2631579,.052631579,22,0,.052631579,2.7894738,-12,-9,,.47368422,1,.41140318,.44466701,-.38801068,.41481766,.053241849,73,21,9
J. Correa,13,2019,FIA Formula 2,36,0,0,2,4,0,0,Sauber Junior Team by Charouz,6,16,0,2,United States,.125,0,44,0,.125,2.25,-13,-6,,.25,1,.30043527,-.3899191,-.38801068,-.50623667,.028742164,45,27,6
D. Boccolacci,14,2019,FIA Formula 2,30,0,0,0,4,0,0,Campos Racing,5,14,0,2,France,.14285715,0,20,0,0,2.1428571,-14,-5,,.2857143,1,.1894674,-.2566658,-.38801068,-.38718882,-.068020254,26,5,5
G. Alesi,15,2019,FIA Formula 2,20,0,0,0,6,0,0,Trident,10,19,0,7,France,.36842105,0,20,0,0,1.0526316,-15,-10,,.31578946,1,.078499503,-.14445265,-.38801068,1.1165732,-1.5705371,33,28,10
A. Markelov,16,2019,FIA Formula 2,16,0,0,0,2,0,0,BWT Arden,8,6,0,3,Russia,.5,0,37,0,0,2.6666667,-16,-8,,.33333334,1,-.032468382,-.078994833,-.38801068,1.9937677,-2.4932415,13,3,8
S. Gelael,17,2019,FIA Formula 2,15,0,0,0,5,0,0,Prema Racing,9,18,0,5,Indonesia,.27777779,0,24,0,0,.83333331,-17,-9,,.27777779,1,-.14343627,-.28627765,-.38801068,.51228374,-1.3300084,108,21,9
N. Mazepin,18,2019,FIA Formula 2,11,0,0,0,5,0,0,ART Grand Prix,3,20,0,4,Russia,.2,0,37,0,0,.55000001,-18,-3,,.25,1,-.25440416,-.3899191,-.38801068,-.0062357713,-1.0260981,81,2,3
R. Boschung,19,2019,FIA Formula 2,3,0,0,0,2,0,0,Trident ,10,14,0,4,Switzerland,.2857143,0,40,0,0,.21428572,-19,-10,,.14285715,1,-.36537206,-.78967881,-.38801068,.56519389,-2.1082554,94,29,10
M. Raghunathan,20,2019,FIA Formula 2,1,0,0,0,1,0,0,MP Motorsport,7,18,0,2,Netherlands,.11111111,0,32,0,0,.055555556,-20,-7,,.055555556,1,-.47633994,-1.1154089,-.38801068,-.59882945,-1.3809301,71,18,7
M. Sato,21,2019,FIA Formula 2,0,0,0,0,0,0,0,Campos Racing,5,6,0,0,Japan,0,0,28,0,0,0,-21,-5,,0,1,-.58730781,-1.3226918,-.38801068,-1.3395715,-.95843881,72,5,5
T. Calderón,22,2019,FIA Formula 2,0,0,0,0,0,0,0,BWT Arden,8,20,0,6,Columbia,.30000001,0,15,0,0,0,-22,-8,,0,1,-.69827574,-1.3226918,-.38801068,.66043216,-3.0694103,114,3,8
C. Lundgaard,23,2019,FIA Formula 2,0,0,0,0,0,0,0,Trident,10,2,0,0,Denmark,0,0,17,0,0,0,-23,-10,,0,1,-.80924362,-1.3226918,-.38801068,-1.3395715,-1.1803746,19,28,10
A. Maini,24,2019,FIA Formula 2,0,0,0,0,0,0,0,Campos Racing,5,5,0,2,India,.40000001,0,23,0,0,0,-24,-5,,0,1,-.92021149,-1.3226918,-.38801068,1.3270999,-3.958014,12,5,5
M. Isaakyan,25,2019,FIA Formula 2,0,0,0,0,0,0,0,Sauber Junior Team by Charouz,6,4,0,1,Russia,.25,0,37,0,0,0,-25,-6,,0,1,-1.0311794,-1.3226918,-.38801068,.32709813,-3.06898,69,27,6
P. O'Ward,26,2019,FIA Formula 2,0,0,0,0,0,0,0,MP Motorsport,7,2,0,0,United States,0,0,44,0,0,0,-26,-7,,0,1,-1.1421473,-1.3226918,-.38801068,-1.3395715,-1.5132782,91,18,7
R. Tveter,27,2019,FIA Formula 2,0,0,0,0,0,0,0,Trident,10,2,0,0,United States,0,0,44,0,0,0,-27,-10,,0,1,-1.2531152,-1.3226918,-.38801068,-1.3395715,-1.6242461,101,28,10
G. Russell,1,2018,FIA Formula 2,287,3,4,14,18,7,1,ART Grand Prix,2,24,5,3,United Kingdom,.125,.29166666,43,.20833333,.58333331,11.958333,-1,-2,,.75,1,1.6320499,1.4756262,4.1987867,-.50623667,7.8126993,38,2,2
L. Norris,2,2018,FIA Formula 2,219,0,1,9,20,1,1,Carlin,1,24,1,2,United Kingdom,.083333336,.041666668,43,.041666668,.375,9.125,-2,-1,,.83333331,1,1.521082,1.7865504,.52934879,-.78401494,4.620996,62,7,1
A. Albon,3,2018,FIA Formula 2,212,1,3,8,18,4,1,DAMS,3,24,3,4,Thailand,.16666667,.16666667,41,.125,.33333334,8.833333,-3,-3,,.75,1,1.4101142,1.4756262,2.3640678,-.22845837,5.4782667,1,9,3
N. de Vries,4,2018,FIA Formula 2,202,1,2,6,17,3,0,Prema Racing,5,24,2,4,Netherlands,.16666667,.125,32,.083333336,.25,8.416667,-4,-5,,.70833331,1,1.2991463,1.3201641,1.4467083,-.22845837,4.294477,84,21,5
A. Markelov,5,2018,FIA Formula 2,186,2,1,7,17,3,0,Russian Time,4,24,0,3,Russia,.125,.125,37,0,.29166666,7.75,-5,-4,,.70833331,1,1.1881784,1.3201641,-.38801068,-.50623667,2.6265686,13,26,4
S. Sette Câmara,6,2018,FIA Formula 2,164,0,0,8,15,0,0,Carlin,1,21,1,3,Brazil,.14285715,0,7,.047619049,.38095239,7.8095236,-6,-1,,.71428573,1,1.0772105,1.342373,.66040015,-.38718882,3.4671726,111,7,1
A. Fuoco,7,2018,FIA Formula 2,141,2,0,6,14,2,0,Charouz Racing System,6,22,0,3,Italy,.13636364,.090909094,27,0,.27272728,6.409091,-7,-6,,.63636363,1,.96624261,1.0516386,-.38801068,-.43047893,2.0603495,6,8,6
L. Ghiotto,8,2018,FIA Formula 2,111,0,0,4,13,0,0,Campos Vexatec Racing,7,24,0,3,Italy,.125,0,27,0,.16666667,4.625,-8,-7,,.54166669,1,.85527474,.69831574,-.38801068,-.50623667,1.6718165,60,6,7
N. Latifi,9,2018,FIA Formula 2,91,1,0,3,13,1,0,DAMS,3,24,0,3,Canada,.125,.041666668,12,0,.125,3.7916667,-9,-3,,.54166669,1,.74430686,.69831574,-.38801068,-.50623667,1.5608486,79,9,3
L. Delétraz,10,2018,FIA Formula 2,74,0,0,2,8,0,0,Charouz Racing System,6,24,0,4,Switzerland,.16666667,0,40,0,.083333336,3.0833333,-10,-6,,.33333334,1,.63333893,-.078994833,-.38801068,-.22845837,.39479178,58,8,6
J. Aitken,11,2018,FIA Formula 2,63,1,0,2,8,1,0,ART Grand Prix,2,23,0,5,United Kingdom,.2173913,.043478262,43,0,.086956523,2.7391305,-11,-2,,.34782609,1,.52237105,-.024921069,-.38801068,.10970639,-.00026709028,42,2,2
R. Merhi,12,2018,FIA Formula 2,61,0,0,2,10,0,0,MP Motorsport,8,18,0,3,Spain,.16666667,0,38,0,.11111111,3.3888888,-12,-8,,.55555558,1,.41140318,.75013649,-.38801068,-.22845837,1.0019873,96,18,8
T. Makino,13,2018,FIA Formula 2,48,0,1,1,9,1,0,Russian Time,4,24,0,5,Japan,.20833333,.041666668,28,0,.041666668,2,-13,-4,,.375,1,.30043527,.076467238,-.38801068,.04931983,-.060427997,116,26,4
M. Günther,14,2018,FIA Formula 2,41,1,0,2,6,1,0,BWT Arden,9,22,0,5,Germany,.22727273,.045454547,22,0,.090909094,1.8636364,-14,-9,,.27272728,1,.1894674,-.30512154,-.38801068,.17558277,-.67924762,68,3,9
S. Gelael,15,2018,FIA Formula 2,29,0,0,1,4,0,0,Prema Racing,5,23,0,10,Indonesia,.43478259,0,24,0,.043478262,1.2608696,-15,-5,,.17391305,1,.078499503,-.67380643,-.38801068,1.5589843,-2.5423019,108,21,5
A. Maini,16,2018,FIA Formula 2,24,0,0,0,5,0,0,Trident,10,23,0,5,India,.2173913,0,23,0,0,1.0434783,-16,-10,,.2173913,1,-.032468382,-.51158512,-.38801068,.10970639,-1.0417706,12,28,10
R. Boschung,17,2018,FIA Formula 2,17,0,0,0,7,0,0,MP Motorsport,8,20,0,9,Switzerland,.44999999,0,40,0,0,.85000002,-17,-8,,.34999999,1,-.14343627,-.01681005,-.38801068,1.6604338,-2.2086909,94,18,8
N. Fukuzumi,18,2018,FIA Formula 2,17,0,0,0,8,0,0,BWT Arden,9,23,0,6,Japan,.26086956,0,28,0,0,.73913044,-18,-9,,.34782609,1,-.25440416,-.024921069,-.38801068,.399562,-1.0668979,75,3,9
S. Ferrucci,19,2018,FIA Formula 2,7,0,0,0,3,0,0,Trident,10,12,0,3,United States,.25,0,44,0,0,.58333331,-19,-10,,.25,1,-.36537206,-.3899191,-.38801068,.32709813,-1.4704,107,28,10
A. Lorandi,20,2018,FIA Formula 2,6,0,0,0,1,0,0,Trident,10,10,0,2,Italy,.2,0,27,0,0,.60000002,-20,-10,,.1,1,-.47633994,-.9495827,-.38801068,-.0062357713,-1.8076975,11,28,10
D. Boccolacci,21,2018,FIA Formula 2,3,0,0,0,2,0,0,MP Motorsport,8,8,0,1,France,.125,0,20,0,0,.375,-21,-8,,.25,1,-.58730781,-.3899191,-.38801068,-.50623667,-.85900092,26,18,8
R. Nissany,22,2018,FIA Formula 2,1,0,0,0,1,0,0,Campos Vexatec Racing,7,20,0,4,Israel,.2,0,26,0,0,.050000001,-22,-7,,.050000001,1,-.69827574,-1.1361372,-.38801068,-.0062357713,-2.216188,98,6,7
D. Ticktum,23,2018,FIA Formula 2,0,0,0,0,0,0,0,BWT Arden,9,2,0,1,United Kingdom,.5,0,43,0,0,0,-23,-9,,0,1,-.80924362,-1.3226918,-.38801068,1.9937677,-4.5137138,28,3,9
N. Kari,24,2018,FIA Formula 2,0,0,0,0,0,0,0,MP Motorsport,8,4,0,3,Finland,.75,0,19,0,0,0,-24,-8,,0,1,-.92021149,-1.3226918,-.38801068,3.6604373,-6.2913513,77,18,8
C. Leclerc,1,2017,FIA Formula 2,282,2,5,10,18,7,1,Prema Racing,2,21,8,4,Monaco,.19047619,.33333334,31,.38095239,.47619048,13.428572,-1,-2,,.85714287,1,1.6320499,1.875386,7.9992762,-.069727942,11.57644,18,21,2
A. Markelov,2,2017,FIA Formula 2,210,2,3,7,18,5,0,Russian Time,1,22,1,2,Russia,.090909094,.22727273,37,.045454547,.31818181,9.545455,-2,-1,,.81818181,1,1.521082,1.7300187,.61274511,-.73350978,4.5973558,13,26,1
O. Rowland,3,2017,FIA Formula 2,191,0,2,10,15,2,0,DAMS,3,20,1,3,United Kingdom,.15000001,.1,43,.050000001,.5,9.5500002,-3,-3,,.75,1,1.4101142,1.4756262,.71282065,-.33956969,3.9381309,89,9,3
L. Ghiotto,4,2017,FIA Formula 2,185,1,0,7,20,1,0,Russian Time,1,22,0,0,Italy,0,.045454547,27,0,.31818181,8.409091,-4,-1,,.90909094,1,1.2991463,2.0692089,-.38801068,-1.3395715,4.3199158,60,26,1
N. Latifi,5,2017,FIA Formula 2,178,1,0,9,16,1,0,DAMS,3,21,0,2,Canada,.095238097,.047619049,12,0,.42857143,8.4761906,-5,-3,,.76190478,1,1.1881784,1.5200441,-.38801068,-.70464975,3.0248616,79,9,3
N. Matsushita,6,2017,FIA Formula 2,131,2,0,4,15,2,0,ART Grand Prix,4,22,1,1,Japan,.045454547,.090909094,28,.045454547,.18181819,5.9545455,-6,-4,,.68181819,1,1.0772105,1.2212337,.61274511,-1.0365406,3.9477301,80,2,4
N. de Vries,7,2017,FIA Formula 2,114,1,0,5,13,1,0,Rapax,5,21,0,4,Netherlands,.19047619,.047619049,32,0,.23809524,5.4285712,-7,-5,,.61904764,1,.96624261,.9870311,-.38801068,-.069727942,1.6349909,84,23,5
A. Fuoco,8,2017,FIA Formula 2,98,0,1,5,9,1,0,Prema Racing,2,21,0,4,Italy,.19047619,.047619049,27,0,.23809524,4.6666665,-8,-2,,.42857143,1,.85527474,.2763471,-.38801068,-.069727942,.81333911,6,21,2
N. Nato,9,2017,FIA Formula 2,91,1,0,3,10,1,0,Pertamina Arden,7,22,0,5,France,.22727273,.045454547,20,0,.13636364,4.1363635,-9,-7,,.45454547,1,.74430686,.37325859,-.38801068,.17558277,.55397201,82,20,7
A. Albon,10,2017,FIA Formula 2,86,0,0,2,13,0,0,ART Grand Prix,4,20,0,0,Thailand,0,0,41,0,.1,4.3000002,-10,-4,,.64999998,1,.63333893,1.1025171,-.38801068,-1.3395715,2.6874168,1,2,4
J. King,11,2017,FIA Formula 2,62,0,0,0,13,0,0,MP Motorsport,6,21,0,5,United Kingdom,.23809524,0,43,0,0,2.9523809,-11,-6,,.61904764,1,.52237105,.9870311,-.38801068,.24773292,.87365854,51,18,6
S. Sette Câmara,12,2017,FIA Formula 2,47,1,0,2,7,1,0,MP Motorsport,6,22,0,1,Brazil,.045454547,.045454547,7,0,.090909094,2.1363637,-12,-6,,.31818181,1,.41140318,-.13552657,-.38801068,-1.0365406,.92440653,111,18,6
G. Malja,13,2017,FIA Formula 2,44,0,0,1,6,0,0,Racing Engineering,8,22,0,0,Sweden,0,0,39,0,.045454547,2,-13,-8,,.27272728,1,.30043527,-.30512154,-.38801068,-1.3395715,.9468745,35,22,8
S. Canamasas,14,2017,FIA Formula 2,21,0,0,0,4,0,0,Trident,10,14,0,3,Spain,.21428572,0,38,0,0,1.5,-14,-10,,.2857143,1,.1894674,-.2566658,-.38801068,.08900249,-.54421157,105,28,10
S. Gelael,15,2017,FIA Formula 2,17,0,0,0,4,0,0,Pertamina Arden,7,22,0,0,Indonesia,0,0,24,0,0,.77272725,-15,-7,,.18181819,1,.078499503,-.64431161,-.38801068,-1.3395715,.38574868,108,20,7
L. Delétraz,16,2017,FIA Formula 2,16,0,0,0,4,0,0,Racing Engineering,8,22,0,2,Switzerland,.090909094,0,40,0,0,.72727275,-16,-8,,.18181819,1,-.032468382,-.64431161,-.38801068,-.73350978,-.33128089,58,22,8
R. Merhi,17,2017,FIA Formula 2,16,0,0,0,3,0,0,Rapax,5,8,0,1,Spain,.125,0,38,0,0,2,-17,-5,,.375,1,-.14343627,.076467238,-.38801068,-.50623667,.051256962,96,23,5
J. Cecotto,18,2017,FIA Formula 2,16,0,0,1,2,0,0,Rapax,5,8,0,1,Venezula,.125,0,45,0,.125,2,-18,-5,,.25,1,-.25440416,-.3899191,-.38801068,-.50623667,-.5260973,44,23,5
R. Boschung,19,2017,FIA Formula 2,11,0,0,0,3,0,0,Campos Racing,9,20,0,6,Switzerland,.30000001,0,40,0,0,.55000001,-19,-9,,.15000001,1,-.36537206,-.76302814,-.38801068,.66043216,-2.1768432,94,5,9
S. Sirotkin,20,2017,FIA Formula 2,9,0,0,0,2,0,0,ART Grand Prix,4,2,0,0,Russia,0,0,37,0,0,4.5,-20,-4,,1,1,-.47633994,2.4083989,-.38801068,-1.3395715,2.8836198,112,2,4
Ã. Palou,21,2017,FIA Formula 2,5,0,0,0,2,0,0,Campos Racing,9,4,0,0,Japan,0,0,28,0,0,1.25,-21,-9,,.5,1,-.58730781,.54285359,-.38801068,-1.3395715,.90710658,122,5,9
S. Ferrucci,22,2017,FIA Formula 2,4,0,0,0,2,0,0,Trident,10,10,0,2,United States,.2,0,44,0,0,.40000001,-22,-10,,.2,1,-.69827574,-.57647359,-.38801068,-.0062357713,-1.6565243,107,28,10
N. Jeffri,23,2017,FIA Formula 2,2,0,0,0,1,0,0,Trident,10,22,0,2,Malaysia,.090909094,0,29,0,0,.090909094,-23,-10,,.045454547,1,-.80924362,-1.1530967,-.38801068,-.73350978,-1.6168412,76,28,10
R. Visoiu,24,2017,FIA Formula 2,1,0,0,0,1,0,0,Campos Racing,9,14,0,4,Romania,.2857143,0,36,0,0,.071428575,-24,-9,,.071428575,1,-.92021149,-1.0561852,-.38801068,.56519389,-2.9296012,104,5,9
L. Norris,25,2017,FIA Formula 2,0,0,0,0,0,0,0,Campos Racing,9,2,0,1,United Kingdom,.5,0,43,0,0,0,-25,-9,,0,1,-1.0311794,-1.3226918,-.38801068,1.9937677,-4.7356496,62,5,9
C. Ilott,26,2017,FIA Formula 2,0,0,0,0,0,0,0,Trident,10,2,0,0,United Kingdom,0,0,43,0,0,0,-26,-10,,0,1,-1.1421473,-1.3226918,-.38801068,-1.3395715,-1.5132782,17,28,10
S. Coletti,27,2017,FIA Formula 2,0,0,0,0,0,0,0,Campos Racing,9,2,0,0,Monaco,0,0,31,0,0,0,-27,-9,,0,1,-1.2531152,-1.3226918,-.38801068,-1.3395715,-1.6242461,106,5,9
R. Binder,28,2017,FIA Formula 2,0,0,0,0,0,0,0,Rapax,5,2,0,0,Austria,0,0,4,0,0,0,-28,-5,,0,1,-1.3640831,-1.3226918,-.38801068,-1.3395715,-1.735214,93,23,5
R. Marciello,29,2017,FIA Formula 2,0,0,0,0,0,0,0,Trident,10,2,0,1,Italy,.5,0,27,0,0,0,-29,-10,,0,1,-1.4750509,-1.3226918,-.38801068,1.9937677,-5.1795211,95,28,10
Pierre Gasly,1,2016,GP2 Series,219,,,9,16,4,1,Prema Racing,,21,5,3,France ,.14285715,.19047619,15,.23809524,.42857143,10.428572,-1,-1,1,.76190478,0,1.6320499,1.5200441,4.8540435,-.38718882,8.3933268,225,21,1
Antonio Giovinazzi,2,2016,GP2 Series,211,,,8,15,5,1,Prema Racing,,22,2,4,Italy,.18181819,.22727273,19,.090909094,.36363637,9.590909,-2,-1,1,.68181819,0,1.521082,1.2212337,1.613501,-.1274481,4.4832649,134,21,1
Sergey Sirotkin,3,2016,GP2 Series,159,,,8,11,2,1,ART Grand Prix,,22,3,5,Russia,.22727273,.090909094,30,.13636364,.36363637,7.2272725,-3,-4,4,.5,0,1.4101142,.54285359,2.6142566,.17558277,4.3916416,240,2,4
Raffaele Marciello,4,2016,GP2 Series,159,,,6,19,0,0,Russian Time,,22,0,0,Italy,0,0,19,0,.27272728,7.2272725,-4,-3,3,.86363637,0,1.2991463,1.8996139,-.38801068,-1.3395715,4.150321,227,26,3
Norman Nato,5,2016,GP2 Series,136,,,5,13,2,0,Racing Engineering,,22,1,6,France ,.27272728,.090909094,15,.045454547,.22727273,6.181818,-5,-2,2,.59090906,0,1.1881784,.88204354,.61274511,.47861362,2.2043533,218,22,2
Alex Lynn,6,2016,GP2 Series,124,,,5,14,3,0,DAMS,,22,0,2,United Kingdom,.090909094,.13636364,37,0,.22727273,5.6363635,-6,-5,5,.63636363,0,1.0772105,1.0516386,-.38801068,-.73350978,2.4743483,129,9,5
Jordan King,7,2016,GP2 Series,122,,,5,14,2,0,Racing Engineering,,22,0,2,United Kingdom,.090909094,.090909094,37,0,.22727273,5.5454545,-7,-2,2,.63636363,0,.96624261,1.0516386,-.38801068,-.73350978,2.3633804,181,22,2
Luca Ghiotto,8,2016,GP2 Series,111,,,4,12,1,0,Trident,,22,0,4,Italy,.18181819,.045454547,19,0,.18181819,5.0454545,-8,-8,8,.54545456,0,.85527474,.71244866,-.38801068,-.1274481,1.3071609,194,28,8
Oliver Rowland,9,2016,GP2 Series,107,,,4,17,0,0,MP Motorsport,,22,0,2,United Kingdom,.090909094,0,37,0,.18181819,4.8636365,-9,-7,7,.77272725,0,.74430686,1.5604237,-.38801068,-.73350978,2.6502297,219,18,7
Artem Markelov,10,2016,GP2 Series,97,,,2,14,1,0,Russian Time,,21,0,4,Russia,.19047619,.047619049,30,0,.095238097,4.6190476,-10,-3,3,.66666669,0,.63333893,1.1647021,-.38801068,-.069727942,1.4797583,135,26,3
Nobuharu Matsushita,11,2016,GP2 Series,92,,,2,12,1,0,ART Grand Prix,,20,0,3,Japan,.15000001,.050000001,20,0,.1,4.5999999,-11,-4,4,.60000002,0,.52237105,.91596276,-.38801068,-.33956969,1.3898928,217,2,4
Mitch Evans,12,2016,GP2 Series,90,,,1,13,1,0,Campos Racing,,22,0,3,New Zealand,.13636364,.045454547,25,0,.045454547,4.090909,-12,-6,6,.59090906,0,.41140318,.88204354,-.38801068,-.43047893,1.335915,209,5,6
Gustav Malja,13,2016,GP2 Series,53,,,2,11,0,0,Rapax,,22,0,2,Sweden,.090909094,0,34,0,.090909094,2.409091,-13,-9,9,.5,0,.30043527,.54285359,-.38801068,-.73350978,1.1887879,170,23,9
Arthur Pic,14,2016,GP2 Series,36,,,1,7,0,0,Rapax,,18,0,5,France ,.27777779,0,15,0,.055555556,2,-14,-9,9,.3888889,0,.1894674,.12828797,-.38801068,.51228374,-.58253908,136,23,9
Sean Gelael,15,2016,GP2 Series,24,,,1,3,0,0,Campos Racing,,21,0,8,Indonesia,.38095239,0,18,0,.047619049,1.1428572,-15,-6,6,.14285715,0,.078499503,-.78967881,-.38801068,1.2001156,-2.2993054,239,5,6
Nicholas Latifi,16,2016,GP2 Series,23,,,1,7,0,0,DAMS,,22,0,4,Canada,.18181819,0,6,0,.045454547,1.0454545,-16,-5,5,.31818181,0,-.032468382,-.13552657,-.38801068,-.1274481,-.42855754,213,9,5
Marvin Kirchhöfer,17,2016,GP2 Series,21,,,1,6,0,0,Carlin,,20,0,3,Germany,.15000001,0,16,0,.050000001,1.05,-17,-10,10,.30000001,0,-.14343627,-.20336452,-.38801068,-.33956969,-.3952418,203,7,10
Johnny Cecotto Jr.,18,2016,GP2 Series,18,,,1,3,0,0,Rapax,,4,0,0,Venezuela,0,0,39,0,.25,4.5,-18,-9,9,.75,0,-.25440416,1.4756262,-.38801068,-1.3395715,2.1727829,178,23,9
Sergio Canamasas,19,2016,GP2 Series,17,,,0,9,0,0,Carlin,,20,0,3,Spain,.15000001,0,33,0,0,.85000002,-19,-10,10,.44999999,0,-.36537206,.35629898,-.38801068,-.33956969,-.057514071,242,7,10
Jimmy Eriksson,20,2016,GP2 Series,10,,,0,1,0,0,Arden International,,18,0,6,Sweden,.33333334,0,34,0,0,.55555558,-20,-11,11,.055555556,0,-.47633994,-1.1154089,-.38801068,.88265473,-2.8624144,177,33,11
Daniël de Jong,21,2016,GP2 Series,6,,,0,2,0,0,MP Motorsport,,22,0,3,Netherlands,.13636364,0,24,0,0,.27272728,-21,-7,7,.090909094,0,-.58730781,-.98350167,-.38801068,-.43047893,-1.5283413,148,18,7
Nabil Jeffri,22,2016,GP2 Series,2,,,0,1,0,0,Arden International,,22,0,6,Malaysia,.27272728,0,21,0,0,.090909094,-22,-11,11,.045454547,0,-.69827574,-1.1530967,-.38801068,.47861362,-2.7179966,210,33,11
René Binder,23,2016,GP2 Series,0,,,0,0,0,0,ART Grand Prix,,4,0,0,Austria,0,0,2,0,0,0,-23,-4,4,0,0,-.80924362,-1.3226918,-.38801068,-1.3395715,-1.1803746,228,2,4
Philo Paz Armand,24,2016,GP2 Series,0,,,0,0,0,0,Trident,,22,0,7,Indonesia,.31818181,0,18,0,0,0,-24,-8,8,0,0,-.92021149,-1.3226918,-.38801068,.78164434,-3.4125583,224,28,8
Emil Bernstorff,25,2016,GP2 Series,0,,,0,0,0,0,Arden International,,2,0,0,United Kingdom,0,0,37,0,0,0,-25,-11,11,0,0,-1.0311794,-1.3226918,-.38801068,-1.3395715,-1.4023104,155,33,11
Louis Delétraz,26,2016,GP2 Series,0,,,0,0,0,0,Carlin,,2,0,1,Switzerland,.5,0,35,0,0,0,-26,-10,10,0,0,-1.1421473,-1.3226918,-.38801068,1.9937677,-4.8466177,192,7,10
Stoffel Vandoorne,1,2015,GP2 Series,341.5,,,16,21,7,1,ART Grand Prix,,21,4,0,Belgium,0,.33333334,3,.19047619,.76190478,16.261906,-1,-1,1,1,0,1.6320499,2.4083989,3.8056326,-1.3395715,9.1856527,246,2,1
Alexander Rossi,2,2015,GP2 Series,181.5,,,7,17,3,0,Racing Engineering,,21,1,1,United States,.047619049,.14285715,38,.047619049,.33333334,8.6428576,-2,-2,2,.80952382,0,1.521082,1.697715,.66040015,-1.0221106,4.9013081,130,22,2
Sergey Sirotkin,3,2015,GP2 Series,139,,,5,15,1,0,Rapax,,21,1,1,Russia,.047619049,.047619049,30,.047619049,.23809524,6.6190476,-3,-6,6,.71428573,0,1.4101142,1.342373,.66040015,-1.0221106,4.434998,240,23,6
Rio Haryanto,4,2015,GP2 Series,138,,,5,15,3,1,Campos Racing,,21,0,1,Indonesia,.047619049,.14285715,18,0,.23809524,6.5714288,-4,-4,4,.71428573,0,1.2991463,1.342373,-.38801068,-1.0221106,3.2756193,231,5,4
Mitch Evans,5,2015,GP2 Series,135,,,7,12,2,0,Russian Time,,19,0,2,New Zealand,.10526316,.10526316,25,0,.36842105,7.1052632,-5,-5,5,.63157892,0,1.1881784,1.0337864,-.38801068,-.63781583,2.47177,209,26,5
Alex Lynn,6,2015,GP2 Series,110,,,4,13,2,0,DAMS,,21,2,2,United Kingdom,.095238097,.095238097,37,.095238097,.19047619,5.2380953,-6,-3,3,.61904764,0,1.0772105,.9870311,1.7088109,-.70464975,4.4777021,129,9,3
Raffaele Marciello,7,2015,GP2 Series,110,,,4,14,0,0,Trident,,21,3,1,Italy,.047619049,0,19,.14285715,.19047619,5.2380953,-7,-7,7,.66666669,0,.96624261,1.1647021,2.7572219,-1.0221106,5.9102774,227,28,7
Pierre Gasly,8,2015,GP2 Series,110,,,4,13,0,0,DAMS,,21,0,3,France,.14285715,0,14,0,.19047619,5.2380953,-8,-3,3,.61904764,0,.85527474,.9870311,-.38801068,-.38718882,1.841484,225,9,3
Nobuharu Matsushita,9,2015,GP2 Series,68.5,,,3,9,1,0,ART Grand Prix,,21,0,5,Japan,.23809524,.047619049,20,0,.14285715,3.2619047,-9,-1,1,.42857143,0,.74430686,.2763471,-.38801068,.24773292,.38491035,217,2,1
Richie Stanaway,10,2015,GP2 Series,60,,,2,7,2,0,Status Grand Prix,,18,0,1,New Zealand,.055555556,.11111111,25,0,.11111111,3.3333333,-10,-8,8,.3888889,0,.63333893,.12828797,-.38801068,-.96920049,1.3428167,230,50,8
Arthur Pic,11,2015,GP2 Series,60,,,2,12,0,0,Campos Racing,,21,0,2,France,.095238097,0,14,0,.095238097,2.8571429,-11,-4,4,.5714286,0,.52237105,.80936015,-.38801068,-.70464975,1.6483703,136,5,4
Jordan King,12,2015,GP2 Series,60,,,1,12,0,0,Racing Engineering,,21,0,4,United Kingdom,.19047619,0,37,0,.047619049,2.8571429,-12,-2,2,.5714286,0,.41140318,.80936015,-.38801068,-.069727942,.9024806,181,22,2
Artem Markelov,13,2015,GP2 Series,48,,,1,6,0,0,Russian Time,,20,0,4,Russia,.2,0,30,0,.050000001,2.4000001,-13,-5,5,.30000001,0,.30043527,-.20336452,-.38801068,-.0062357713,-.28470415,135,26,5
Julián Leal,14,2015,GP2 Series,38,,,0,7,0,0,Carlin,,16,0,1,Columbia,.0625,0,9,0,0,2.375,-14,-9,9,.4375,0,.1894674,.3096604,-.38801068,-.92290407,1.0340211,184,7,9
Sergio Canamasas,15,2015,GP2 Series,27,,,1,4,0,0,MP Motorsport,,19,0,3,Spain,.15789473,0,33,0,.052631579,1.4210526,-15,-11,11,.21052632,0,.078499503,-.53719896,-.38801068,-.2869381,-.55977201,242,18,11
Nathanaël Berthon,16,2015,GP2 Series,27,,,1,5,0,0,Daiko Team Lazarus,,19,0,3,France,.15789473,0,14,0,.052631579,1.4210526,-16,-10,10,.2631579,0,-.032468382,-.34082577,-.38801068,-.2869381,-.47436672,211,40,10
Robert Vi?oiu,17,2015,GP2 Series,20,,,0,6,0,0,Rapax,,18,0,1,Romania,.055555556,0,29,0,0,1.1111112,-17,-6,6,.33333334,0,-.14343627,-.078994833,-.38801068,-.96920049,.35875872,232,23,6
Norman Nato,18,2015,GP2 Series,20,,,0,6,0,0,Arden International,,21,0,4,France,.19047619,0,14,0,0,.95238096,-18,-12,12,.2857143,0,-.25440416,-.2566658,-.38801068,-.069727942,-.82935268,218,33,12
Nick Yelloly,19,2015,GP2 Series,19,,,0,5,0,0,Hilmer Motorsport,,12,0,4,United Kingdom,.33333334,0,37,0,0,1.5833334,-19,-13,13,.41666666,0,-.36537206,.23192932,-.38801068,.88265473,-1.4041082,214,43,13
André Negrão,20,2015,GP2 Series,5,,,0,3,0,0,Arden International,,21,0,1,Brazil,.047619049,0,4,0,0,.23809524,-20,-12,12,.14285715,0,-.47633994,-.78967881,-.38801068,-1.0221106,-.63191885,132,33,12
Oliver Rowland,21,2015,GP2 Series,3,,,0,2,0,0,MP Motorsport,,6,0,2,United Kingdom,.33333334,0,37,0,0,.5,-21,-11,11,.33333334,0,-.58730781,-.078994833,-.38801068,.88265473,-1.9369681,219,18,11
René Binder,22,2015,GP2 Series,2,,,0,2,0,0,Trident,,19,0,4,Austria,.21052632,0,2,0,0,.10526316,-22,-7,7,.10526316,0,-.69827574,-.92994535,-.38801068,.06393978,-2.0801716,228,28,7
Daniël de Jong,23,2015,GP2 Series,1,,,0,2,0,0,MP Motorsport,,16,0,4,Netherlands,.25,0,24,0,0,.0625,-23,-11,11,.125,0,-.80924362,-.85630542,-.38801068,.32709813,-2.3806579,148,18,11
Dean Stoneman,24,2015,GP2 Series,1,,,0,1,0,0,Carlin,,5,0,1,United Kingdom,.2,0,37,0,0,.2,-24,-9,9,.2,0,-.92021149,-.57647359,-.38801068,-.0062357713,-1.87846,151,7,9
Gustav Malja,25,2015,GP2 Series,1,,,0,1,0,0,Rapax,,5,0,0,Sweden,0,0,34,0,0,.2,-25,-6,6,.2,0,-1.0311794,-.57647359,-.38801068,-1.3395715,-.65609223,170,23,6
Marlon Stöckinger,26,2015,GP2 Series,0,,,0,0,0,0,Status Grand Prix,,21,0,4,Philippines,.19047619,0,27,0,0,0,-26,-8,8,0,0,-1.1421473,-1.3226918,-.38801068,-.069727942,-2.7831218,202,50,8
Nicholas Latifi,27,2015,GP2 Series,0,,,0,0,0,0,MP Motorsport,,7,0,1,Canada,.14285715,0,6,0,0,0,-27,-11,11,0,0,-1.2531152,-1.3226918,-.38801068,-.38718882,-2.5766289,213,18,11
Johnny Cecotto Jr.,28,2015,GP2 Series,0,,,0,0,0,0,Carlin,,10,0,3,Venezuela,.30000001,0,39,0,0,0,-28,-9,9,0,0,-1.3640831,-1.3226918,-.38801068,.66043216,-3.7352176,178,7,9
Zoël Amberg,29,2015,GP2 Series,0,,,0,0,0,0,Daiko Team Lazarus,,6,0,1,Switzerland,.16666667,0,35,0,0,0,-29,-10,10,0,0,-1.4750509,-1.3226918,-.38801068,-.22845837,-2.9572949,258,40,10
Sean Gelael,30,2015,GP2 Series,0,,,0,0,0,0,Carlin,,9,0,1,Indonesia,.11111111,0,18,0,0,0,-30,-9,9,0,0,-1.5860188,-1.3226918,-.38801068,-.59882945,-2.6978917,239,7,9
Simon Trummer,31,2015,GP2 Series,0,,,0,0,0,0,Hilmer Motorsport,,4,0,0,Switzerland,0,0,35,0,0,0,-31,-13,13,0,0,-1.6969867,-1.3226918,-.38801068,-1.3395715,-2.0681176,244,43,13
Jon Lancaster,32,2015,GP2 Series,0,,,0,0,0,0,Hilmer Motorsport,,2,0,0,United Kingdom,0,0,37,0,0,0,-32,-13,13,0,0,-1.8079547,-1.3226918,-.38801068,-1.3395715,-2.1790857,180,43,13
Marco Sørensen,33,2015,GP2 Series,0,,,0,0,0,0,Carlin,,8,0,2,Denmark,.25,0,12,0,0,0,-33,-9,9,0,0,-1.9189225,-1.3226918,-.38801068,.32709813,-3.9567232,199,7,9
Patric Niederhauser,34,2015,GP2 Series,0,,,0,0,0,0,Daiko Team Lazarus,,2,0,0,Switzerland,0,0,35,0,0,0,-34,-10,10,0,0,-2.0298903,-1.3226918,-.38801068,-1.3395715,-2.4010212,223,40,10
Jann Mardenborough,35,2015,GP2 Series,0,,,0,0,0,0,Carlin,,2,0,0,United Kingdom,0,0,37,0,0,0,-35,-9,9,0,0,-2.1408582,-1.3226918,-.38801068,-1.3395715,-2.5119891,175,7,9
Jolyon Palmer,1,2014,GP2 Series,276,,,12,21,4,1,DAMS,,22,3,1,United Kingdom,.045454547,.18181819,37,.13636364,.54545456,12.545455,-1,-1,1,.95454544,0,1.6320499,2.2388039,2.6142566,-1.0365406,7.5216513,179,9,1
Stoffel Vandoorne,2,2014,GP2 Series,229,,,10,16,4,0,ART Grand Prix,,22,4,0,Belgium,0,.18181819,3,.18181819,.45454547,10.409091,-2,-3,3,.72727275,0,1.521082,1.3908288,3.6150126,-1.3395715,7.8664951,246,2,3
Felipe Nasr,3,2014,GP2 Series,224,,,10,19,4,1,Carlin,,22,1,2,Brazil,.090909094,.18181819,4,.045454547,.45454547,10.181818,-3,-2,2,.86363637,0,1.4101142,1.8996139,.61274511,-.73350978,4.655983,163,7,2
Mitch Evans,4,2014,GP2 Series,174,,,6,16,2,0,Russian Time,,22,0,2,New Zealand,.090909094,.090909094,25,0,.27272728,7.909091,-4,-5,5,.72727275,0,1.2991463,1.3908288,-.38801068,-.73350978,3.0354743,209,26,5
Johnny Cecotto Jr.,5,2014,GP2 Series,140,,,5,14,2,0,Trident,,22,1,5,Venezuela,.22727273,.090909094,39,.045454547,.22727273,6.3636365,-5,-6,6,.63636363,0,1.1881784,1.0516386,.61274511,.17558277,2.6769793,178,28,6
Stefano Coletti,6,2014,GP2 Series,136,,,5,15,2,0,Racing Engineering,,22,0,4,Monaco,.18181819,.090909094,23,0,.22727273,6.181818,-6,-4,4,.68181819,0,1.0772105,1.2212337,-.38801068,-.1274481,2.0378816,245,22,4
Arthur Pic,7,2014,GP2 Series,124,,,3,15,1,0,Campos Racing,,22,0,2,France,.090909094,.045454547,14,0,.13636364,5.6363635,-7,-7,7,.68181819,0,.96624261,1.2212337,-.38801068,-.73350978,2.5329754,136,5,7
Raffaele Marciello,8,2014,GP2 Series,74,,,4,6,1,0,Racing Engineering,,22,1,6,Italy,.27272728,.045454547,19,.045454547,.18181819,3.3636363,-8,-4,4,.27272728,0,.85527474,-.30512154,.61274511,.47861362,.68428469,227,22,4
Stéphane Richelm,9,2014,GP2 Series,73,,,2,13,1,0,DAMS,,22,1,2,Monaco,.090909094,.045454547,23,.045454547,.090909094,3.3181818,-9,-1,1,.59090906,0,.74430686,.88204354,.61274511,-.73350978,2.9726052,247,9,1
Julián Leal,10,2014,GP2 Series,68,,,2,9,0,0,Carlin,,22,0,2,Colombia,.090909094,0,8,0,.090909094,3.090909,-10,-2,2,.40909091,0,.63333893,.2036635,-.38801068,-.73350978,1.1825016,184,7,2
Marco Sørensen,11,2014,GP2 Series,47,,,1,10,1,0,MP Motorsport,,14,0,1,Denmark,.071428575,.071428575,12,0,.071428575,3.3571429,-11,-8,8,.71428573,0,.52237105,1.342373,-.38801068,-.86338013,2.3401136,199,18,8
André Negrão,12,2014,GP2 Series,31,,,0,6,0,0,Arden International,,20,0,3,Brazil,.15000001,0,4,0,0,1.55,-12,-10,10,.30000001,0,.41140318,-.20336452,-.38801068,-.33956969,.15959767,132,33,10
Adrian Quaife-Hobbs,13,2014,GP2 Series,30,,,1,9,0,0,Rapax,,18,0,0,United Kingdom,0,0,37,0,.055555556,1.6666666,-13,-9,9,.5,0,.30043527,.54285359,-.38801068,-1.3395715,1.7948496,124,23,9
Sergio Canamasas,14,2014,GP2 Series,29,,,1,5,0,0,Trident,,18,0,5,Spain,.27777779,0,33,0,.055555556,1.6111112,-14,-6,6,.27777779,0,.1894674,-.28627765,-.38801068,.51228374,-.99710464,242,28,6
Rio Haryanto,15,2014,GP2 Series,28,,,1,5,0,0,Caterham Racing,,22,0,5,Indonesia,.22727273,0,18,0,.045454547,1.2727273,-15,-11,11,.22727273,0,.078499503,-.47471657,-.38801068,.17558277,-.9598105,231,37,11
Daniel Abt,16,2014,GP2 Series,27,,,0,6,0,0,Hilmer Motorsport,,20,0,4,Germany,.2,0,16,0,0,1.35,-16,-12,12,.30000001,0,-.032468382,-.20336452,-.38801068,-.0062357713,-.61760783,147,43,12
Simon Trummer,17,2014,GP2 Series,26,,,1,3,0,0,Rapax,,22,0,2,Switzerland,.090909094,0,35,0,.045454547,1.1818181,-17,-9,9,.13636364,0,-.14343627,-.81390667,-.38801068,-.73350978,-.61184382,244,23,9
Takuya Izawa,18,2014,GP2 Series,26,,,1,5,0,0,ART Grand Prix,,22,0,5,Japan,.22727273,0,20,0,.045454547,1.1818181,-18,-3,3,.22727273,0,-.25440416,-.47471657,-.38801068,.17558277,-1.2927141,250,2,3
Tom Dillmann,19,2014,GP2 Series,18,,,1,5,0,0,Caterham Racing,,8,0,1,France,.125,0,14,0,.125,2.25,-19,-11,11,.625,0,-.36537206,1.0092399,-.38801068,-.50623667,.76209384,252,37,11
Nathanaël Berthon,20,2014,GP2 Series,17,,,0,5,0,0,Venezuela GP Lazarus,,22,0,4,France,.18181819,0,14,0,0,.77272725,-20,-13,13,.22727273,0,-.47633994,-.47471657,-.38801068,-.1274481,-1.2116191,211,55,13
Alexander Rossi,21,2014,GP2 Series,12,,,0,3,0,0,Caterham Racing,,12,0,2,United States,.16666667,0,38,0,0,1,-21,-11,11,.25,0,-.58730781,-.3899191,-.38801068,-.22845837,-1.1367792,130,37,11
Tio Ellinas,22,2014,GP2 Series,7,,,0,2,0,0,Rapax,,8,0,0,Cyprus,0,0,10,0,0,.875,-22,-9,9,.25,0,-.69827574,-.3899191,-.38801068,-1.3395715,-.13663405,251,23,9
Jon Lancaster,23,2014,GP2 Series,6,,,0,1,0,0,Hilmer Motorsport,,16,0,2,United Kingdom,.125,0,37,0,0,.375,-23,-12,12,.0625,0,-.80924362,-1.0894986,-.38801068,-.50623667,-1.7805163,180,43,12
Artem Markelov,24,2014,GP2 Series,6,,,0,2,0,0,Russian Time,,22,0,8,Russia,.36363637,0,30,0,0,.27272728,-24,-5,5,.090909094,0,-.92021149,-.98350167,-.38801068,1.0846753,-3.376399,135,26,5
René Binder,25,2014,GP2 Series,3,,,0,2,0,0,Arden International,,22,0,6,Austria,.27272728,0,2,0,0,.13636364,-25,-10,10,.090909094,0,-1.0311794,-.98350167,-.38801068,.47861362,-2.8813055,228,33,10
Conor Daly,26,2014,GP2 Series,2,,,0,3,0,0,Venezuela GP Lazarus,,18,0,3,United States,.16666667,0,38,0,0,.11111111,-26,-13,13,.16666667,0,-1.1421473,-.70084327,-.38801068,-.22845837,-2.002543,145,55,13
Kimiya Sato,27,2014,GP2 Series,2,,,0,1,0,0,Campos Racing,,20,0,5,Japan,.25,0,20,0,0,.1,-27,-7,7,.050000001,0,-1.2531152,-1.1361372,-.38801068,.32709813,-3.1043613,191,5,7
Daniël de Jong,28,2014,GP2 Series,2,,,0,3,0,0,MP Motorsport,,22,0,5,Netherlands,.22727273,0,24,0,0,.090909094,-28,-8,8,.13636364,0,-1.3640831,-.81390667,-.38801068,.17558277,-2.7415831,148,18,8
Pierre Gasly,29,2014,GP2 Series,0,,,0,0,0,0,Caterham Racing,,6,0,1,France,.16666667,0,14,0,0,0,-29,-11,11,0,0,-1.4750509,-1.3226918,-.38801068,-.22845837,-2.9572949,225,37,11
Sergio Campana,30,2014,GP2 Series,0,,,0,0,0,0,Venezuela GP Lazarus,,3,0,1,Italy,.33333334,0,19,0,0,0,-30,-13,13,0,0,-1.5860188,-1.3226918,-.38801068,.88265473,-4.1793761,241,55,13
Facu Regalia,31,2014,GP2 Series,0,,,0,0,0,0,Hilmer Motorsport,,8,0,4,Argentina,.5,0,1,0,0,0,-31,-12,12,0,0,-1.6969867,-1.3226918,-.38801068,1.9937677,-5.4014568,160,43,12
Nicholas Latifi,32,2014,GP2 Series,0,,,0,0,0,0,Hilmer Motorsport,,2,0,0,Canada,0,0,6,0,0,0,-32,-12,12,0,0,-1.8079547,-1.3226918,-.38801068,-1.3395715,-2.1790857,213,43,12
Kevin Giovesi,33,2014,GP2 Series,0,,,0,0,0,0,Rapax,,2,0,0,Italy,0,0,19,0,0,0,-33,-9,9,0,0,-1.9189225,-1.3226918,-.38801068,-1.3395715,-2.2900536,189,23,9
Axcil Jefferies,34,2014,GP2 Series,0,,,0,0,0,0,Trident,,2,0,1,Zimbabwe,.5,0,40,0,0,0,-34,-6,6,0,0,-2.0298903,-1.3226918,-.38801068,1.9937677,-5.7343607,137,28,6
Fabio Leimer,1,2013,GP2 Series,201,,,7,17,3,0,Racing Engineering,,22,1,1,Switzerland,.045454547,.13636364,35,.045454547,.31818181,9.136364,-1,-3,3,.77272725,0,1.6320499,1.5604237,.61274511,-1.0365406,4.8417592,157,22,3
Sam Bird,2,2013,GP2 Series,181,,,6,16,5,0,Russian Time,,22,2,2,United Kingdom,.090909094,.22727273,37,.090909094,.27272728,8.227273,-2,-1,1,.72727275,0,1.521082,1.3908288,1.613501,-.73350978,5.2589216,238,26,1
James Calado,3,2013,GP2 Series,157,,,7,16,2,0,ART Grand Prix,,22,0,2,United Kingdom,.090909094,.090909094,37,0,.31818181,7.1363635,-3,-5,5,.72727275,0,1.4101142,1.3908288,-.38801068,-.73350978,3.1464422,173,2,5
Felipe Nasr,4,2013,GP2 Series,154,,,6,16,0,0,Carlin,,22,0,3,Brazil,.13636364,0,4,0,.27272728,7,-4,-2,2,.72727275,0,1.2991463,1.3908288,-.38801068,-.43047893,2.7324433,163,7,2
Stefano Coletti,5,2013,GP2 Series,135,,,7,11,3,0,Rapax,,22,1,4,Monaco,.18181819,.13636364,23,.045454547,.31818181,6.1363635,-5,-7,7,.5,0,1.1881784,.54285359,.61274511,-.1274481,2.4712253,245,23,7
Marcus Ericsson,6,2013,GP2 Series,121,,,5,9,1,1,DAMS,,22,2,5,Sweden,.22727273,.045454547,34,.090909094,.22727273,5.5,-6,-4,4,.40909091,0,1.0772105,.2036635,1.613501,.17558277,2.7187922,200,9,4
Jolyon Palmer,7,2013,GP2 Series,119,,,3,12,2,0,Carlin,,22,1,4,United Kingdom,.18181819,.090909094,37,.045454547,.13636364,5.409091,-7,-2,2,.54545456,0,.96624261,.71244866,.61274511,-.1274481,2.4188845,179,7,2
Stéphane Richelm,8,2013,GP2 Series,103,,,1,13,0,0,DAMS,,22,1,3,Monaco,.13636364,0,23,.045454547,.045454547,4.681818,-8,-4,4,.59090906,0,.85527474,.88204354,.61274511,-.43047893,2.7805424,247,9,4
Alexander Rossi,9,2013,GP2 Series,92,,,4,10,1,0,Caterham Racing,,20,1,3,United States,.15000001,.050000001,38,.050000001,.2,4.5999999,-9,-9,9,.5,0,.74430686,.54285359,.71282065,-.33956969,2.3395507,130,37,9
Tom Dillmann,10,2013,GP2 Series,92,,,2,11,0,0,Russian Time,,21,1,2,France,.095238097,0,14,.047619049,.095238097,4.3809524,-10,-1,1,.52380955,0,.63333893,.63168919,.66040015,-.70464975,2.6300781,252,26,1
Jon Lancaster,11,2013,GP2 Series,73,,,3,8,2,0,Hilmer Motorsport,,16,0,2,United Kingdom,.125,.125,37,0,.1875,4.5625,-11,-6,6,.5,0,.52237105,.54285359,-.38801068,-.50623667,1.1834507,180,43,6
Julián Leal,12,2013,GP2 Series,62,,,2,8,0,0,Racing Engineering,,22,0,4,Colombia,.18181819,0,8,0,.090909094,2.8181818,-12,-3,3,.36363637,0,.41140318,.034068521,-.38801068,-.1274481,.18490912,184,22,3
Adrian Quaife-Hobbs,13,2013,GP2 Series,56,,,3,9,1,0,Hilmer Motorsport,,22,0,4,United Kingdom,.18181819,.045454547,37,0,.13636364,2.5454545,-13,-6,6,.40909091,0,.30043527,.2036635,-.38801068,-.1274481,.24353619,124,43,6
Mitch Evans,14,2013,GP2 Series,56,,,4,8,0,0,Arden International,,22,0,3,New Zealand,.13636364,0,25,0,.18181819,2.5454545,-14,-8,8,.36363637,0,.1894674,.034068521,-.38801068,-.43047893,.26600417,209,33,8
Robin Frijns,15,2013,GP2 Series,47,,,2,4,1,0,Hilmer Motorsport,,12,0,4,Netherlands,.33333334,.083333336,24,0,.16666667,3.9166667,-15,-6,6,.33333334,0,.078499503,-.078994833,-.38801068,.88265473,-1.2711607,233,43,6
Johnny Cecotto Jr.,16,2013,GP2 Series,41,,,0,10,0,0,Arden International,,21,1,4,Venezuela,.19047619,0,39,.047619049,0,1.9523809,-16,-8,8,.47619048,0,-.032468382,.45401809,.66040015,-.069727942,1.1516778,178,33,8
Kevin Ceccon,17,2013,GP2 Series,28,,,1,5,0,0,Trident,,11,0,2,Italy,.18181819,0,19,0,.090909094,2.5454545,-17,-11,11,.45454547,0,-.14343627,.37325859,-.38801068,-.1274481,-.030740261,188,28,11
Dani Clos,18,2013,GP2 Series,25,,,1,4,0,0,MP Motorsport,,10,0,1,Spain,.1,0,33,0,.1,2.5,-18,-10,10,.40000001,0,-.25440416,.16974452,-.38801068,-.67290366,.20023334,146,18,10
Rio Haryanto,19,2013,GP2 Series,22,,,1,5,0,0,Barwa Addax Team,,22,0,1,Indonesia,.045454547,0,18,0,.045454547,1,-19,-12,12,.22727273,0,-.36537206,-.47471657,-.38801068,-1.0365406,-.19155869,231,35,12
Nathanaël Berthon,20,2013,GP2 Series,21,,,1,3,1,0,Trident,,22,0,7,France,.31818181,.045454547,14,0,.045454547,.95454544,-20,-11,11,.13636364,0,-.47633994,-.81390667,-.38801068,.78164434,-2.4599016,211,28,11
Simon Trummer,21,2013,GP2 Series,20,,,0,7,0,0,Rapax,,22,0,1,Switzerland,.045454547,0,35,0,0,.90909094,-21,-7,7,.31818181,0,-.58730781,-.13552657,-.38801068,-1.0365406,-.074304432,244,23,7
Daniel Abt,22,2013,GP2 Series,11,,,0,4,0,0,ART Grand Prix,,21,0,4,Germany,.19047619,0,16,0,0,.52380955,-22,-5,5,.19047619,0,-.69827574,-.6120078,-.38801068,-.069727942,-1.6285663,147,2,5
René Binder,23,2013,GP2 Series,11,,,0,5,0,0,Venezeula GP Lazarus,,22,0,1,Austria,.045454547,0,2,0,0,.5,-23,-13,13,.22727273,0,-.80924362,-.47471657,-.38801068,-1.0365406,-.63543022,228,54,13
Daniël de Jong,24,2013,GP2 Series,3,,,0,3,0,0,MP Motorsport,,22,0,6,Netherlands,.27272728,0,24,0,0,.13636364,-24,-10,10,.13636364,0,-.92021149,-.81390667,-.38801068,.47861362,-2.6007423,148,18,10
Sergio Canamasas,25,2013,GP2 Series,3,,,0,2,0,0,Caterham Racing,,22,0,5,Spain,.22727273,0,33,0,0,.13636364,-25,-9,9,.090909094,0,-1.0311794,-.98350167,-.38801068,.17558277,-2.5782745,242,37,9
Conor Daly,26,2013,GP2 Series,2,,,0,1,0,0,Hilmer Motorsport,,2,0,0,United States,0,0,38,0,0,1,-26,-6,6,.5,0,-1.1421473,.54285359,-.38801068,-1.3395715,.35226709,145,43,6
Vittorio Ghirelli,27,2013,GP2 Series,1,,,0,1,0,0,Venezeula GP Lazarus,,10,0,2,Italy,.2,0,19,0,0,.1,-27,-13,13,.1,0,-1.2531152,-.9495827,-.38801068,-.0062357713,-2.5844729,255,54,13
Jake Rosenzweig,28,2013,GP2 Series,0,,,0,1,0,0,Barwa Addax Team,,22,0,3,United States,.13636364,0,38,0,0,0,-28,-12,12,.045454547,0,-1.3640831,-1.1530967,-.38801068,-.43047893,-2.4747114,172,35,12
Kevin Giovesi,29,2013,GP2 Series,0,,,0,1,0,0,Venezeula GP Lazarus,,8,0,3,Italy,.375,0,19,0,0,0,-29,-13,13,.125,0,-1.4750509,-.85630542,-.38801068,1.1604329,-3.8797998,189,54,13
Gianmarco Raimondo,30,2013,GP2 Series,0,,,0,0,0,0,Trident,,4,0,0,Canada,0,0,6,0,0,0,-30,-11,11,0,0,-1.5860188,-1.3226918,-.38801068,-1.3395715,-1.9571497,167,28,11
Pål Varhaug,31,2013,GP2 Series,0,,,0,0,0,0,Hilmer Motorsport,,4,0,1,Norway,.25,0,26,0,0,0,-31,-6,6,0,0,-1.6969867,-1.3226918,-.38801068,.32709813,-3.7347872,226,43,6
Sergio Campana,32,2013,GP2 Series,0,,,0,0,0,0,Trident,,2,0,0,Italy,0,0,19,0,0,0,-32,-11,11,0,0,-1.8079547,-1.3226918,-.38801068,-1.3395715,-2.1790857,241,28,11
Fabrizio Crestani,33,2013,GP2 Series,0,,,0,0,0,0,Venezeula GP Lazarus,,4,0,0,Italy,0,0,19,0,0,0,-33,-13,13,0,0,-1.9189225,-1.3226918,-.38801068,-1.3395715,-2.2900536,159,54,13
Ricardo Teixeira,34,2013,GP2 Series,0,,,0,0,0,0,Trident,,4,0,0,Portugal,0,0,28,0,0,0,-34,-11,11,0,0,-2.0298903,-1.3226918,-.38801068,-1.3395715,-2.4010212,229,28,11
Ma Qinghua,35,2013,GP2 Series,0,,,0,0,0,0,Caterham Racing,,1,0,0,China,0,0,7,0,0,0,-35,-9,9,0,0,-2.1408582,-1.3226918,-.38801068,-1.3395715,-2.5119891,197,37,9
Davide Valsecchi,1,2012,GP2 Series,247,,,10,19,4,0,DAMS,,24,2,3,Italy,.125,.16666667,19,.083333336,.41666666,10.291667,-1,-1,1,.79166669,0,1.6320499,1.6310884,1.4467083,-.50623667,5.2160835,150,9,1
Luiz Razia,2,2012,GP2 Series,222,,,9,20,4,0,Arden International,,24,0,1,Brazil,.041666668,.16666667,4,0,.375,9.25,-2,-3,3,.83333331,0,1.521082,1.7865504,-.38801068,-1.0617932,3.981415,196,33,3
Esteban Gutiérrez,3,2012,GP2 Series,176,,,7,19,3,1,Lotus GP,,24,0,3,Mexico,.125,.125,22,0,.29166666,7.3333335,-3,-2,2,.79166669,0,1.4101142,1.6310884,-.38801068,-.50623667,3.1594286,156,45,2
Max Chilton,4,2012,GP2 Series,169,,,4,16,2,1,Carlin,,24,2,2,United Kingdom,.083333336,.083333336,37,.083333336,.16666667,7.0416665,-4,-5,5,.66666669,0,1.2991463,1.1647021,1.4467083,-.78401494,4.6945715,204,7,5
James Calado,5,2012,GP2 Series,160,,,7,16,2,0,Lotus GP,,24,2,4,United Kingdom,.16666667,.083333336,37,.083333336,.29166666,6.6666665,-5,-2,2,.66666669,0,1.1881784,1.1647021,1.4467083,-.22845837,4.0280471,173,45,2
Giedo van der Garde,6,2012,GP2 Series,160,,,6,18,2,1,Caterham Racing,,24,2,3,Netherlands,.125,.083333336,24,.083333336,.25,6.6666665,-6,-7,7,.75,0,1.0772105,1.4756262,1.4467083,-.50623667,4.5057817,168,37,7
Fabio Leimer,7,2012,GP2 Series,152,,,6,16,0,0,Racing Engineering,,24,1,2,Switzerland,.083333336,0,35,.041666668,.25,6.3333335,-7,-4,4,.66666669,0,.96624261,1.1647021,.52934879,-.78401494,3.4443083,157,22,4
Marcus Ericsson,8,2012,GP2 Series,124,,,5,12,1,0,iSport International,,24,0,3,Sweden,.125,.041666668,34,0,.20833333,5.1666665,-8,-6,6,.5,0,.85527474,.54285359,-.38801068,-.50623667,1.5163543,200,56,6
Johnny Cecotto Jr.,9,2012,GP2 Series,104,,,4,8,2,0,Barwa Addax Team,,23,1,12,Venezuela,.52173913,.086956523,39,.043478262,.17391305,4.521739,-9,-8,8,.34782609,0,.74430686,-.024921069,.56923395,2.1386955,-.85007572,178,35,8
Felipe Nasr,10,2012,GP2 Series,95,,,4,14,0,0,DAMS,,24,0,5,Brazil,.20833333,0,4,0,.16666667,3.9583333,-10,-1,1,.58333331,0,.63333893,.85377771,-.38801068,.04931983,1.0497861,163,9,1
Jolyon Palmer,11,2012,GP2 Series,78,,,3,11,1,0,iSport International,,22,0,6,United Kingdom,.27272728,.045454547,37,0,.13636364,3.5454545,-11,-6,6,.5,0,.52237105,.54285359,-.38801068,.47861362,.19860035,179,56,6
Nathanaël Berthon,12,2012,GP2 Series,60,,,2,12,0,0,Racing Engineering,,24,0,2,France,.083333336,0,14,0,.083333336,2.5,-12,-4,4,.5,0,.41140318,.54285359,-.38801068,-.78401494,1.350261,211,22,4
Stefano Coletti,13,2012,GP2 Series,50,,,1,11,0,0,Scuderia Coloni,,24,0,8,Monaco,.33333334,0,23,0,.041666668,2.0833333,-13,-13,13,.45833334,0,.30043527,.38739151,-.38801068,.88265473,-.58283865,245,49,13
Rio Haryanto,14,2012,GP2 Series,38,,,0,10,0,0,Carlin,,24,1,1,Indonesia,.041666668,0,18,.041666668,0,1.5833334,-14,-5,5,.41666666,0,.1894674,.23192932,.52934879,-1.0617932,2.0125387,231,7,5
Tom Dillmann,15,2012,GP2 Series,29,,,1,5,1,0,Rapax,,14,0,3,France,.21428572,.071428575,14,0,.071428575,2.0714285,-15,-9,9,.35714287,0,.078499503,.0098406523,-.38801068,.08900249,-.38867301,252,23,9
Luca Filippi,16,2012,GP2 Series,29,,,1,1,1,0,Scuderia Coloni,,3,1,1,Italy,.33333334,.33333334,19,.33333334,.33333334,9.666667,-16,-13,13,.33333334,0,-.032468382,-.078994833,6.9508653,.88265473,5.9567475,193,49,13
Josef Král,17,2012,GP2 Series,27,,,1,5,1,0,Barwa Addax Team,,15,0,3,Czech Republic,.2,.06666667,11,0,.06666667,1.8,-17,-8,8,.33333334,0,-.14343627,-.078994833,-.38801068,-.0062357713,-.60420603,182,35,8
Stéphane Richelmi,18,2012,GP2 Series,25,,,1,5,0,0,Trident,,24,0,5,Monaco,.20833333,0,23,0,.041666668,1.0416666,-18,-10,10,.20833333,0,-.25440416,-.54538125,-.38801068,.04931983,-1.2371159,248,28,10
Nigel Melker,19,2012,GP2 Series,25,,,0,4,0,0,Ocean Racing Technology,,23,0,5,Netherlands,.2173913,0,24,0,0,1.0869565,-19,-11,11,.17391305,0,-.36537206,-.67380643,-.38801068,.10970639,-1.5368955,216,46,11
Fabio Onidi,20,2012,GP2 Series,13,,,0,4,0,0,Scuderia Coloni,,24,0,4,Italy,.16666667,0,19,0,0,.54166669,-20,-13,13,.16666667,0,-.47633994,-.70084327,-.38801068,-.22845837,-1.3367355,158,49,13
Julián Leal,21,2012,GP2 Series,9,,,0,5,0,0,Trident,,24,0,1,Colombia,.041666668,0,8,0,0,.375,-21,-10,10,.20833333,0,-.58730781,-.54538125,-.38801068,-1.0617932,-.45890653,184,28,10
Rodolfo González,22,2012,GP2 Series,6,,,0,1,0,0,Caterham Racing,,24,0,4,Venezuela,.16666667,0,39,0,0,.25,-22,-7,7,.041666668,0,-.69827574,-1.1672297,-.38801068,-.22845837,-2.0250578,234,37,7
Simon Trummer,23,2012,GP2 Series,4,,,0,4,0,0,Arden International,,24,0,2,Switzerland,.083333336,0,35,0,0,.16666667,-23,-3,3,.16666667,0,-.80924362,-.70084327,-.38801068,-.78401494,-1.1140826,244,33,3
Fabrizio Crestani,24,2012,GP2 Series,1,,,0,2,0,0,Venezuela GP Lazarus,,13,0,4,Italy,.30769232,0,19,0,0,.07692308,-24,-12,12,.15384616,0,-.92021149,-.74867779,-.38801068,.71171427,-2.7686143,159,55,12
Brendon Hartley,25,2012,GP2 Series,1,,,0,1,0,0,Ocean Racing Technology,,4,0,1,New Zealand,.25,0,25,0,0,.25,-25,-11,11,.25,0,-1.0311794,-.3899191,-.38801068,.32709813,-2.1362073,139,46,11
Daniël de Jong,26,2012,GP2 Series,0,,,0,1,0,0,Rapax,,8,0,1,Netherlands,.125,0,24,0,0,0,-26,-9,9,.125,0,-1.1421473,-.85630542,-.38801068,-.50623667,-1.8802267,148,23,9
Sergio Canamasas,27,2012,GP2 Series,0,,,0,0,0,0,Venezuela GP Lazarus,,9,0,3,Spain,.33333334,0,33,0,0,0,-27,-12,12,0,0,-1.2531152,-1.3226918,-.38801068,.88265473,-3.8464723,242,55,12
Dani Clos,28,2012,GP2 Series,0,,,0,0,0,0,Barwa Addax Team,,4,0,3,Spain,.75,0,33,0,0,0,-28,-8,8,0,0,-1.3640831,-1.3226918,-.38801068,3.6604373,-6.7352228,146,35,8
Ricardo Teixeira,29,2012,GP2 Series,0,,,0,0,0,0,Rapax,,21,0,4,Portugal,.19047619,0,28,0,0,0,-29,-9,9,0,0,-1.4750509,-1.3226918,-.38801068,-.069727942,-3.1160254,229,23,9
Victor Guerin,30,2012,GP2 Series,0,,,0,0,0,0,Ocean Racing Technology,,17,0,5,Brazil,.29411766,0,4,0,0,0,-30,-11,11,0,0,-1.5860188,-1.3226918,-.38801068,.62121642,-3.9179378,253,46,11
René Binder,31,2012,GP2 Series,0,,,0,0,0,0,Venezuela GP Lazarus,,6,0,2,Austria,.33333334,0,2,0,0,0,-31,-12,12,0,0,-1.6969867,-1.3226918,-.38801068,.88265473,-4.2903438,228,55,12
Jake Rosenzweig,32,2012,GP2 Series,0,,,0,0,0,0,Barwa Addax Team,,4,0,0,United States,0,0,38,0,0,0,-32,-8,8,0,0,-1.8079547,-1.3226918,-.38801068,-1.3395715,-2.1790857,172,35,8
Giancarlo Serenelli,33,2012,GP2 Series,0,,,0,0,0,0,Venezuela GP Lazarus,,18,0,4,Venezuela,.22222222,0,39,0,0,0,-33,-12,12,0,0,-1.9189225,-1.3226918,-.38801068,.14191264,-3.7715378,166,55,12
Jon Lancaster,34,2012,GP2 Series,0,,,0,0,0,0,Ocean Racing Technology,,2,0,1,United Kingdom,.5,0,37,0,0,0,-34,-11,11,0,0,-2.0298903,-1.3226918,-.38801068,1.9937677,-5.7343607,180,46,11
Romain Grosjean,1,2011,GP2 Series,89,,,10,15,5,1,DAMS,,17,1,2,France,.11764706,.29411766,14,.05882353,.58823532,5.2352943,-1,-2,2,.88235295,0,1.6320499,1.9694471,.907085,-.55525637,5.0638385,236,9,2
Luca Filippi,2,2011,GP2 Series,54,,,5,9,3,0,Supernova Racing,,18,0,5,Italy,.27777779,.16666667,19,0,.27777779,3,-2,-9,9,.5,0,1.521082,.54285359,-.38801068,.51228374,1.1636412,193,52,9
Jules Bianchi,3,2011,GP2 Series,53,,,6,14,1,1,Lotus ART,,18,1,3,France,.16666667,.055555556,14,.055555556,.33333334,2.9444444,-3,-5,5,.77777779,0,1.4101142,1.5792677,.83513528,-.22845837,4.0529757,183,44,5
Charles Pic,4,2011,GP2 Series,52,,,5,9,2,1,Barwa Addax Team,,17,3,5,France,.29411766,.11764706,14,.17647059,.29411766,3.0588236,-4,-1,1,.52941179,0,1.2991463,.65259165,3.4972765,.62121642,4.8277979,142,35,1
Giedo van der Garde,5,2011,GP2 Series,49,,,5,11,0,0,Barwa Addax Team,,18,1,4,Netherlands,.22222222,0,24,.055555556,.27777779,2.7222223,-5,-1,1,.6111111,0,1.1881784,.95741916,.83513528,.14191264,2.8388202,168,35,1
Sam Bird,6,2011,GP2 Series,45,,,3,13,0,0,iSport International,,18,1,1,United Kingdom,.055555556,0,37,.055555556,.16666667,2.5,-6,-4,4,.72222221,0,1.0772105,1.3719848,.83513528,-.96920049,4.253531,238,56,4
Christian Vietoris,7,2011,GP2 Series,35,,,3,8,2,0,Racing Engineering,,14,1,3,Germany,.21428572,.14285715,16,.071428575,.21428572,2.5,-7,-3,3,.5714286,0,.96624261,.80936015,1.1846056,.08900249,2.8712058,144,22,3
Davide Valsecchi,8,2011,GP2 Series,30,,,2,8,1,0,Caterham Team AirAsia,,18,0,2,Italy,.11111111,.055555556,19,0,.11111111,1.6666666,-8,-6,6,.44444445,0,.85527474,.33557078,-.38801068,-.59882945,1.4016643,150,38,6
Dani Clos,9,2011,GP2 Series,30,,,2,12,0,0,Racing Engineering,,18,0,3,Spain,.16666667,0,33,0,.11111111,1.6666666,-9,-3,3,.66666669,0,.74430686,1.1647021,-.38801068,-.22845837,1.7494566,146,22,3
Marcus Ericsson,10,2011,GP2 Series,25,,,2,9,0,0,iSport International,,18,0,5,Sweden,.27777779,0,34,0,.11111111,1.3888888,-10,-4,4,.5,0,.63333893,.54285359,-.38801068,.51228374,.2758981,200,56,4
Stefano Coletti,11,2011,GP2 Series,22,,,2,6,2,0,Trident,,15,0,6,Monaco,.40000001,.13333334,23,0,.13333334,1.4666667,-11,-8,8,.40000001,0,.52237105,.16974452,-.38801068,1.3270999,-1.022995,245,28,8
Luiz Razia,12,2011,GP2 Series,19,,,2,7,0,0,Caterham Team AirAsia,,18,1,6,Brazil,.33333334,0,4,.055555556,.11111111,1.0555556,-12,-6,6,.3888889,0,.41140318,.12828797,.83513528,.88265473,.4921717,196,38,6
Esteban Gutiérrez,13,2011,GP2 Series,15,,,2,8,1,0,Lotus ART,,17,0,4,Mexico,.23529412,.05882353,22,0,.11764706,.88235295,-13,-5,5,.47058824,0,.30043527,.43311563,-.38801068,.22905876,.11648147,156,44,5
Fabio Leimer,14,2011,GP2 Series,15,,,2,7,1,0,Rapax,,17,0,5,Switzerland,.29411766,.05882353,35,0,.11764706,.88235295,-14,-10,10,.41176471,0,.1894674,.21363971,-.38801068,.62121642,-.60611999,157,23,10
Josef Král,15,2011,GP2 Series,15,,,2,8,0,0,Arden International,,18,0,3,Czech Republic,.16666667,0,11,0,.11111111,.83333331,-15,-11,11,.44444445,0,.078499503,.33557078,-.38801068,-.22845837,.25451797,182,33,11
Ãlvaro Parente,16,2011,GP2 Series,8,,,1,4,0,0,Racing Engineering,,12,0,3,Portugal,.25,0,28,0,.083333336,.66666669,-16,-3,3,.33333334,0,-.032468382,-.078994833,-.38801068,.32709813,-.826572,259,22,3
Adam Carroll,17,2011,GP2 Series,6,,,0,3,0,0,Supernova Racing,,8,0,0,United Kingdom,0,0,37,0,0,.75,-17,-9,9,.375,0,-.14343627,.076467238,-.38801068,-1.3395715,.88459176,123,52,9
Fairuz Fauzy,18,2011,GP2 Series,5,,,0,4,0,0,Supernova Racing,,18,0,4,United States,.22222222,0,38,0,0,.27777779,-18,-9,9,.22222222,0,-.25440416,-.49356049,-.38801068,.14191264,-1.2778879,161,52,9
Brendon Hartley,19,2011,GP2 Series,4,,,0,2,0,0,Ocean Racing Technology,,4,0,0,New Zealand,0,0,25,0,0,1,-19,-12,12,.5,0,-.36537206,.54285359,-.38801068,-1.3395715,1.1290424,139,46,12
Max Chilton,20,2011,GP2 Series,4,,,0,3,0,0,Carlin,,18,0,6,United Kingdom,.33333334,0,37,0,0,.22222222,-20,-13,13,.16666667,0,-.47633994,-.70084327,-.38801068,.88265473,-2.4478486,204,7,13
Michael Herck,21,2011,GP2 Series,1,,,0,3,0,0,Scuderia Coloni,,17,0,4,Romania,.23529412,0,29,0,0,.05882353,-21,-7,7,.17647059,0,-.58730781,-.66426396,-.38801068,.22905876,-1.8686413,205,49,7
Kevin Mirocha,22,2011,GP2 Series,0,,,0,3,0,0,Ocean Racing Technology,,12,0,4,Germany,.33333334,0,16,0,0,0,-22,-12,12,.25,0,-.69827574,-.3899191,-.38801068,.88265473,-2.3588603,190,46,12
Pål Varhaug,23,2011,GP2 Series,0,,,0,3,0,0,DAMS,,18,0,3,Norway,.16666667,0,26,0,0,0,-23,-2,2,.16666667,0,-.80924362,-.70084327,-.38801068,-.22845837,-1.6696392,226,9,2
Johnny Cecotto Jr.,24,2011,GP2 Series,0,,,0,2,0,0,Ocean Racing Technology,,18,0,6,Venezuela,.33333334,0,39,0,0,0,-24,-12,12,.11111111,0,-.92021149,-.90812612,-.38801068,.88265473,-3.0990031,178,46,12
Oliver Turvey,25,2011,GP2 Series,0,,,0,1,0,0,Carlin,,2,0,0,United Kingdom,0,0,37,0,0,0,-25,-13,13,.5,0,-1.0311794,.54285359,-.38801068,-1.3395715,.46323496,220,7,13
Rodolfo González,26,2011,GP2 Series,0,,,0,3,0,0,Trident,,18,0,5,Venezuela,.27777779,0,39,0,0,0,-26,-8,8,.16666667,0,-1.1421473,-.70084327,-.38801068,.51228374,-2.7432849,234,28,8
Julián Leal,27,2011,GP2 Series,0,,,0,2,0,0,Rapax,,18,0,7,Colombia,.3888889,0,8,0,0,0,-27,-10,10,.11111111,0,-1.2531152,-.90812612,-.38801068,1.2530258,-3.8022778,184,23,10
Jolyon Palmer,28,2011,GP2 Series,0,,,0,2,0,0,Arden International,,17,0,5,United Kingdom,.29411766,0,37,0,0,0,-28,-11,11,.11764706,0,-1.3640831,-.88373989,-.38801068,.62121642,-3.25705,179,33,11
Davide Rigon,29,2011,GP2 Series,0,,,0,1,0,0,Scuderia Coloni,,2,0,1,Italy,.5,0,19,0,0,0,-29,-7,7,.5,0,-1.4750509,.54285359,-.38801068,1.9937677,-3.3139758,149,49,7
Kevin Ceccon,30,2011,GP2 Series,0,,,0,0,0,0,Scuderia Coloni,,8,0,2,Italy,.25,0,19,0,0,0,-30,-7,7,0,0,-1.5860188,-1.3226918,-.38801068,.32709813,-3.6238194,188,49,7
Stéphane Richelmi,31,2011,GP2 Series,0,,,0,0,0,0,Trident,,2,0,0,Monaco,0,0,23,0,0,0,-31,-8,8,0,0,-1.6969867,-1.3226918,-.38801068,-1.3395715,-2.0681176,248,28,8
Mikhail Aleshin,32,2011,GP2 Series,0,,,0,0,0,0,Carlin,,6,0,2,Russia,.33333334,0,30,0,0,0,-32,-13,13,0,0,-1.8079547,-1.3226918,-.38801068,.88265473,-4.4013119,207,7,13
Pastor Maldonado,1,2010,GP2 Series,87,,,8,13,6,1,Rapax,,19,0,5,Venezuela,.2631579,.31578946,39,0,.42105263,4.5789475,-1,-1,1,.68421054,0,1.6320499,1.2301598,-.38801068,.41481766,2.0593812,222,23,1
Sergio Pérez,2,2010,GP2 Series,71,,,7,12,5,1,Barwa Addax Team,,19,1,5,Mexico,.2631579,.2631579,22,.052631579,.36842105,3.7368422,-2,-2,2,.63157892,0,1.521082,1.0337864,.77075917,.41481766,2.91081,243,35,2
Jules Bianchi,3,2010,GP2 Series,52,,,4,9,0,0,ART Grand Prix,,19,3,5,France,.2631579,0,14,.15789473,.21052632,2.7368422,-3,-3,3,.47368422,0,1.4101142,.44466701,3.0882988,.41481766,4.5282621,183,2,3
Dani Clos,4,2010,GP2 Series,51,,,5,14,1,0,Racing Engineering,,19,1,3,Spain,.15789473,.052631579,33,.052631579,.2631579,2.6842105,-4,-4,4,.7368421,0,1.2991463,1.4265329,.77075917,-.2869381,3.7833765,146,22,4
Sam Bird,5,2010,GP2 Series,48,,,5,12,1,0,ART Grand Prix,,19,1,3,United Kingdom,.15789473,.052631579,37,.052631579,.2631579,2.5263157,-5,-3,3,.63157892,0,1.1881784,1.0337864,.77075917,-.2869381,3.2796621,238,2,3
Oliver Turvey,6,2010,GP2 Series,47,,,4,13,0,0,iSport International,,20,1,1,United Kingdom,.050000001,0,37,.050000001,.2,2.3499999,-6,-5,5,.64999998,0,1.0772105,1.1025171,.71282065,-1.0062375,3.8987858,220,56,5
Giedo van der Garde,7,2010,GP2 Series,39,,,4,14,0,0,Barwa Addax Team,,20,0,3,Netherlands,.15000001,0,24,0,.2,1.95,-7,-2,2,.69999999,0,.96624261,1.2890717,-.38801068,-.33956969,2.2068734,168,35,2
Davide Valsecchi,8,2010,GP2 Series,31,,,3,13,1,0,iSport International,,20,1,1,Italy,.050000001,.050000001,19,.050000001,.15000001,1.55,-8,-5,5,.64999998,0,.85527474,1.1025171,.71282065,-1.0062375,3.6768501,150,56,5
Christian Vietoris,9,2010,GP2 Series,29,,,3,8,1,0,Racing Engineering,,17,0,5,Germany,.29411766,.05882353,16,0,.17647059,1.7058823,-9,-4,4,.47058824,0,.74430686,.43311563,-.38801068,.62121642,.1681954,144,22,4
Charles Pic,10,2010,GP2 Series,28,,,2,12,1,0,Arden International,,19,1,2,France,.10526316,.052631579,14,.052631579,.10526316,1.4736842,-10,-7,7,.63157892,0,.63333893,1.0337864,.77075917,-.63781583,3.0757003,142,33,7
Luiz Razia,11,2010,GP2 Series,28,,,3,11,0,0,Rapax,,20,0,6,Brazil,.30000001,0,4,0,.15000001,1.4,-11,-1,1,.55000001,0,.52237105,.72940814,-.38801068,.66043216,.20333636,196,23,1
Jérôme d'Ambrosio,12,2010,GP2 Series,21,,,2,9,1,1,DAMS,,18,1,5,Belgium,.27777779,.055555556,3,.055555556,.11111111,1.1666666,-12,-6,6,.5,0,.41140318,.54285359,.83513528,.51228374,1.2771083,185,9,6
Giacomo Ricci,13,2010,GP2 Series,16,,,2,4,1,0,DPR,,14,0,5,Italy,.35714287,.071428575,19,0,.14285715,1.1428572,-13,-8,8,.2857143,0,.30043527,-.2566658,-.38801068,1.0413852,-1.3856263,165,39,8
Romain Grosjean,14,2010,GP2 Series,14,,,2,4,0,0,DAMS,,8,0,2,France,.25,0,14,0,.25,1.75,-14,-6,6,.5,0,.1894674,.54285359,-.38801068,.32709813,.017212182,236,9,6
Ãlvaro Parente,15,2010,GP2 Series,13,,,2,3,0,0,Scuderia Coloni,,4,0,0,Portugal,0,0,28,0,.5,3.25,-15,-10,10,.75,0,.078499503,1.4756262,-.38801068,-1.3395715,2.5056865,259,49,10
Michael Herck,16,2010,GP2 Series,12,,,1,8,0,0,DPR,,20,0,5,Romania,.25,0,29,0,.050000001,.60000002,-16,-8,8,.40000001,0,-.032468382,.16974452,-.38801068,.32709813,-.5778327,205,39,8
Marcus Ericsson,17,2010,GP2 Series,11,,,1,6,1,0,Super Nova Racing,,20,0,6,Sweden,.30000001,.050000001,34,0,.050000001,.55000001,-17,-9,9,.30000001,0,-.14343627,-.20336452,-.38801068,.66043216,-1.3952436,200,51,9
Adrian Zaugg,18,2010,GP2 Series,9,,,1,6,0,0,Trident,,19,0,4,South Africa,.21052632,0,32,0,.052631579,.47368422,-18,-11,11,.31578946,0,-.25440416,-.14445265,-.38801068,.06393978,-.85080725,125,28,11
Fabio Leimer,19,2010,GP2 Series,8,,,1,2,1,0,Ocean Racing Technology,,19,0,9,Switzerland,.47368422,.052631579,35,0,.052631579,.42105263,-19,-12,12,.10526316,0,-.36537206,-.92994535,-.38801068,1.818329,-3.501657,157,46,12
Luca Filippi,20,2010,GP2 Series,5,,,0,5,0,0,Super Nova Racing,,10,0,2,Italy,.2,0,19,0,0,.5,-20,-9,9,.5,0,-.47633994,.54285359,-.38801068,-.0062357713,-.31526124,193,51,9
Rodolfo González,21,2010,GP2 Series,4,,,0,4,0,0,Arden International,,20,0,7,Venezuela,.34999999,0,39,0,0,.2,-21,-7,7,.2,0,-.58730781,-.57647359,-.38801068,.99376595,-2.545558,234,33,7
Alberto Valerio,22,2010,GP2 Series,4,,,0,2,0,0,Scuderia Coloni,,14,0,5,Brazil,.35714287,0,4,0,0,.2857143,-22,-10,10,.14285715,0,-.69827574,-.78967881,-.38801068,1.0413852,-2.9173503,127,49,10
Johnny Cecotto Jr.,23,2010,GP2 Series,3,,,0,3,0,0,Trident,,16,0,5,Venezuela,.3125,0,39,0,0,.1875,-23,-11,11,.1875,0,-.80924362,-.62311226,-.38801068,.74376553,-2.5641322,178,28,11
Josef Král,24,2010,GP2 Series,3,,,0,3,0,0,Super Nova Racing,,10,0,2,Czech Republic,.2,0,11,0,0,.30000001,-24,-9,9,.30000001,0,-.92021149,-.20336452,-.38801068,-.0062357713,-1.5053509,182,51,9
Max Chilton,25,2010,GP2 Series,3,,,0,3,0,0,Ocean Racing Technology,,20,0,2,United Kingdom,.1,0,37,0,0,.15000001,-25,-12,12,.15000001,0,-1.0311794,-.76302814,-.38801068,-.67290366,-1.5093145,204,46,12
Edoardo Piscopo,26,2010,GP2 Series,2,,,0,1,0,0,Trident,,2,0,1,Italy,.5,0,19,0,0,1,-26,-11,11,.5,0,-1.1421473,.54285359,-.38801068,1.9937677,-2.9810722,154,28,11
Brendon Hartley,27,2010,GP2 Series,1,,,0,2,0,0,Scuderia Coloni,,4,0,2,New Zealand,.5,0,25,0,0,.25,-27,-10,10,.5,0,-1.2531152,.54285359,-.38801068,1.9937677,-3.0920401,139,49,10
Ho-Pin Tung,28,2010,GP2 Series,0,,,0,2,0,0,DAMS,,15,0,7,China,.46666667,0,7,0,0,0,-28,-6,6,.13333334,0,-1.3640831,-.82521296,-.38801068,1.7715452,-4.3488517,171,9,6
Vladimir Arabadzhiev,29,2010,GP2 Series,0,,,0,1,0,0,Scuderia Coloni,,16,0,5,Bulgaria,.3125,0,5,0,0,0,-29,-10,10,.0625,0,-1.4750509,-1.0894986,-.38801068,.74376553,-3.6963258,256,49,10
Fabrizio Crestani,30,2010,GP2 Series,0,,,0,1,0,0,DPR,,6,0,1,Italy,.16666667,0,19,0,0,0,-30,-8,8,.16666667,0,-1.5860188,-.70084327,-.38801068,-.22845837,-2.4464145,159,39,8
James Jakes,31,2010,GP2 Series,0,,,0,0,0,0,Scuderia Coloni,,2,0,0,United Kingdom,0,0,37,0,0,0,-31,-10,10,0,0,-1.6969867,-1.3226918,-.38801068,-1.3395715,-2.0681176,174,49,10
Federico Leo,32,2010,GP2 Series,0,,,0,0,0,0,Trident,,2,0,1,Italy,.5,0,19,0,0,0,-32,-11,11,0,0,-1.8079547,-1.3226918,-.38801068,1.9937677,-5.5124249,162,28,11
Nico Hülkenberg,1,2009,GP2 Series,100,,,10,17,5,1,ART Grand Prix,,20,3,1,Germany,.050000001,.25,16,.15000001,.5,5,-1,-1,1,.85000002,0,1.6320499,1.8487355,2.9144835,-1.0062375,7.4015064,215,2,1
Vitaly Petrov,2,2009,GP2 Series,75,,,7,15,2,1,Barwa Addax Team,,20,2,3,Russia,.15000001,.1,30,.1,.34999999,3.75,-2,-2,2,.75,0,1.521082,1.4756262,1.813652,-.33956969,5.14993,254,35,2
Lucas di Grassi,3,2009,GP2 Series,63,,,8,13,1,1,Racing Engineering,,20,1,5,Brazil,.25,.050000001,4,.050000001,.40000001,3.1500001,-3,-4,4,.64999998,0,1.4101142,1.1025171,.71282065,.32709813,2.8983538,195,22,4
Romain Grosjean,4,2009,GP2 Series,45,,,3,8,2,0,Barwa Addax Team,,12,3,3,France,.25,.16666667,14,.25,.25,3.75,-4,-2,2,.66666669,0,1.2991463,1.1647021,5.1161461,.32709813,7.2528963,236,35,2
Luca Filippi,5,2009,GP2 Series,40,,,4,8,1,0,Super Nova Racing,,19,0,9,Italy,.47368422,.052631579,19,0,.21052632,2.1052632,-5,-3,3,.42105263,0,1.1881784,.2482938,-.38801068,1.818329,-.76986742,193,51,3
Pastor Maldonado,6,2009,GP2 Series,36,,,2,12,2,0,ART Grand Prix,,19,0,6,Venezuela,.31578946,.10526316,39,0,.10526316,1.8947369,-6,-1,1,.63157892,0,1.0772105,1.0337864,-.38801068,.76569533,.95729095,222,2,1
Giedo van der Garde,7,2009,GP2 Series,34,,,3,9,3,0,iSport International,,19,0,4,Netherlands,.21052632,.15789473,24,0,.15789473,1.7894737,-7,-5,5,.47368422,0,.96624261,.44466701,-.38801068,.06393978,.95895916,168,56,5
Ãlvaro Parente,8,2009,GP2 Series,30,,,2,8,1,0,Ocean Racing Technology,,20,1,9,Portugal,.44999999,.050000001,28,.050000001,.1,1.5,-8,-9,9,.40000001,0,.85527474,.16974452,.71282065,1.6604338,.077406138,259,46,9
Jérôme d'Ambrosio,9,2009,GP2 Series,29,,,3,11,0,0,DAMS,,20,0,5,Belgium,.25,0,3,0,.15000001,1.45,-9,-6,6,.55000001,0,.74430686,.72940814,-.38801068,.32709813,.7586062,185,9,6
Javier Villa,10,2009,GP2 Series,27,,,3,14,0,0,Super Nova Racing,,20,0,3,Spain,.15000001,0,33,0,.15000001,1.35,-10,-3,3,.69999999,0,.63333893,1.2890717,-.38801068,-.33956969,1.8739696,176,51,3
Roldán Rodríguez,11,2009,GP2 Series,25,,,2,7,0,0,Piquet GP,,20,0,8,Spain,.40000001,0,33,0,.1,1.25,-11,-7,7,.34999999,0,.52237105,-.01681005,-.38801068,1.3270999,-1.2095495,235,47,7
Sergio Pérez,12,2009,GP2 Series,22,,,2,7,0,0,Arden International,,20,0,7,Mexico,.34999999,0,22,0,.1,1.1,-12,-8,8,.34999999,0,.41140318,-.01681005,-.38801068,.99376595,-.98718351,243,33,8
Andreas Zuber,13,2009,GP2 Series,21,,,3,7,0,0,Scuderia Coloni,,18,0,6,UAE,.33333334,0,36,0,.16666667,1.1666666,-13,-10,10,.3888889,0,.30043527,.12828797,-.38801068,.88265473,-.84194219,131,49,10
Edoardo Mortara,14,2009,GP2 Series,19,,,1,7,1,0,Arden International,,20,0,8,Italy,.40000001,.050000001,19,0,.050000001,.94999999,-14,-8,8,.34999999,0,.1894674,-.01681005,-.38801068,1.3270999,-1.5424533,153,33,8
Alberto Valerio,15,2009,GP2 Series,16,,,1,6,1,0,Piquet GP,,20,0,8,Brazil,.40000001,.050000001,4,0,.050000001,.80000001,-15,-7,7,.30000001,0,.078499503,-.20336452,-.38801068,1.3270999,-1.8399756,127,47,7
Kamui Kobayashi,16,2009,GP2 Series,13,,,1,8,0,1,DAMS,,19,0,4,Japan,.21052632,0,20,0,.052631579,.68421054,-16,-6,6,.42105263,0,-.032468382,.2482938,-.38801068,.06393978,-.23612504,186,9,6
Davide Valsecchi,17,2009,GP2 Series,12,,,1,9,0,0,Durango,,20,0,5,Italy,.25,0,19,0,.050000001,.60000002,-17,-11,11,.44999999,0,-.14343627,.35629898,-.38801068,.32709813,-.50224608,150,41,11
Karun Chandhok,18,2009,GP2 Series,10,,,1,6,0,1,Ocean Racing Technology,,19,0,8,India,.42105263,0,17,0,.052631579,.52631581,-18,-9,9,.31578946,0,-.25440416,-.14445265,-.38801068,1.4674511,-2.2543185,187,46,9
Luiz Razia,19,2009,GP2 Series,8,,,1,4,1,0,Scuderia Coloni,,18,0,7,Brazil,.3888889,.055555556,4,0,.055555556,.44444445,-19,-10,10,.22222222,0,-.36537206,-.49356049,-.38801068,1.2530258,-2.499969,196,49,10
Diego Nunes,20,2009,GP2 Series,8,,,1,6,0,0,iSport International,,20,0,5,Brazil,.25,0,4,0,.050000001,.40000001,-20,-5,5,.30000001,0,-.47633994,-.20336452,-.38801068,.32709813,-1.3948133,152,56,5
Dani Clos,21,2009,GP2 Series,4,,,1,5,0,0,Racing Engineering,,20,0,8,Spain,.40000001,0,33,0,.050000001,.2,-21,-4,4,.25,0,-.58730781,-.3899191,-.38801068,1.3270999,-2.6923375,146,22,4
Davide Rigon,22,2009,GP2 Series,3,,,0,10,0,0,Trident,,18,0,3,Italy,.16666667,0,19,0,0,.16666667,-22,-12,12,.55555558,0,-.69827574,.75013649,-.38801068,-.22845837,-.10769156,149,28,12
Michael Herck,23,2009,GP2 Series,0,,,0,3,0,0,DPR,,18,0,8,Romania,.44444445,0,29,0,0,0,-23,-13,13,.16666667,0,-.80924362,-.70084327,-.38801068,1.6233968,-3.5214944,205,39,13
Nelson Panciatici,24,2009,GP2 Series,0,,,0,0,0,0,Durango,,16,0,6,France,.375,0,14,0,0,0,-24,-11,11,0,0,-.92021149,-1.3226918,-.38801068,1.1604329,-3.791347,212,41,11
Stefano Coletti,25,2009,GP2 Series,0,,,0,0,0,0,Durango,,3,0,3,Monaco,1,0,23,0,0,0,-25,-11,11,0,0,-1.0311794,-1.3226918,-.38801068,5.327107,-8.0689888,245,41,11
Ricardo Teixeira,26,2009,GP2 Series,0,,,0,0,0,0,Trident,,20,0,6,Portugal,.30000001,0,28,0,0,0,-26,-12,12,0,0,-1.1421473,-1.3226918,-.38801068,.66043216,-3.5132818,229,28,12
Giacomo Ricci,27,2009,GP2 Series,0,,,0,0,0,0,DPR,,7,0,4,Italy,.5714286,0,19,0,0,0,-27,-13,13,0,0,-1.2531152,-1.3226918,-.38801068,2.4699593,-5.4337769,165,39,13
Franck Perera,28,2009,GP2 Series,0,,,0,0,0,0,DPR,,7,0,2,France,.2857143,0,14,0,0,0,-28,-13,13,0,0,-1.3640831,-1.3226918,-.38801068,.56519389,-3.6399794,164,39,13
Rodolfo González,29,2009,GP2 Series,0,,,0,0,0,0,Trident,,2,0,0,Venezuela,0,0,39,0,0,0,-29,-12,12,0,0,-1.4750509,-1.3226918,-.38801068,-1.3395715,-1.8461819,234,28,12
Johnny Cecotto Jr.,30,2009,GP2 Series,0,,,0,0,0,0,DPR,,3,0,2,Venezuela,.66666669,0,39,0,0,0,-30,-13,13,0,0,-1.5860188,-1.3226918,-.38801068,3.104881,-6.4016023,178,39,13
Giorgio Pantano,1,2008,GP2 Series,76,,,7,12,4,0,Racing Engineering,,18,4,6,Italy,.33333334,.22222222,19,.22222222,.3888889,4.2222223,-1,-4,4,.66666669,0,1.6320499,1.1647021,4.5045733,.88265473,6.4186707,169,22,4
Bruno Senna,2,2008,GP2 Series,64,,,6,14,2,1,iSport International,,20,3,4,Brazil,.2,.1,4,.15000001,.30000001,3.2,-2,-2,2,.69999999,0,1.521082,1.2890717,2.9144835,-.0062357713,5.7308731,140,56,2
Lucas di Grassi,3,2008,GP2 Series,63,,,6,11,3,0,Barwa International Campos Team,,14,0,2,Brazil,.14285715,.21428572,4,0,.42857143,4.5,-3,-1,1,.78571427,0,1.4101142,1.6088794,-.38801068,-.38718882,3.0181718,195,36,1
Romain Grosjean,4,2008,GP2 Series,62,,,6,13,2,0,ART Grand Prix,,20,1,4,France,.2,.1,14,.050000001,.30000001,3.0999999,-4,-5,5,.64999998,0,1.2991463,1.1025171,.71282065,-.0062357713,3.1207199,236,2,5
Pastor Maldonado,5,2008,GP2 Series,60,,,6,10,1,0,Piquet Sports,,20,2,8,Venezuela,.40000001,.050000001,39,.1,.30000001,3,-5,-3,3,.5,0,1.1881784,.54285359,1.813652,1.3270999,2.2175841,222,48,3
Sébastien Buemi,6,2008,GP2 Series,50,,,5,14,2,1,Trust Team Arden,,19,0,4,Switzerland,.21052632,.10526316,35,0,.2631579,2.6315789,-6,-6,6,.7368421,0,1.0772105,1.4265329,-.38801068,.06393978,2.0517929,249,53,6
Vitaly Petrov,7,2008,GP2 Series,39,,,3,10,1,0,Barwa International Campos Team,,20,0,8,Russia,.40000001,.050000001,30,0,.15000001,1.95,-7,-1,1,.5,0,.96624261,.54285359,-.38801068,1.3270999,-.20601439,254,36,1
Ãlvaro Parente,8,2008,GP2 Series,34,,,4,9,1,0,Super Nova Racing,,20,0,8,Portugal,.40000001,.050000001,28,0,.2,1.7,-8,-7,7,.44999999,0,.85527474,.35629898,-.38801068,1.3270999,-.50353688,259,51,7
Andreas Zuber,9,2008,GP2 Series,32,,,4,9,0,0,Piquet Sports,,19,0,8,UAE,.42105263,0,36,0,.21052632,1.6842105,-9,-3,3,.47368422,0,.74430686,.44466701,-.38801068,1.4674511,-.66648793,131,48,3
Karun Chandhok,10,2008,GP2 Series,31,,,3,10,1,0,iSport International,,19,0,7,India,.36842105,.052631579,17,0,.15789473,1.6315789,-10,-2,2,.52631581,0,.63333893,.64104027,-.38801068,1.1165732,-.2302047,187,56,2
Jérôme d'Ambrosio,11,2008,GP2 Series,21,,,2,12,0,0,DAMS,,20,0,6,Belgium,.30000001,0,3,0,.1,1.05,-11,-8,8,.60000002,0,.52237105,.91596276,-.38801068,.66043216,.38989097,185,9,8
Mike Conway,12,2008,GP2 Series,20,,,1,12,1,0,Trident,,20,0,6,United Kingdom,.30000001,.050000001,37,0,.050000001,1,-12,-9,9,.60000002,0,.41140318,.91596276,-.38801068,.66043216,.27892309,206,28,9
Roldán Rodríguez,13,2008,GP2 Series,14,,,1,5,0,0,Fisichella Motor Sport International,,20,0,9,Spain,.44999999,0,33,0,.050000001,.69999999,-13,-10,10,.25,0,.30043527,-.3899191,-.38801068,1.6604338,-2.1379282,235,42,10
Andy Soucek,14,2008,GP2 Series,14,,,1,7,0,0,Super Nova Racing,,18,0,5,Spain,.27777779,0,33,0,.055555556,.77777779,-14,-7,7,.3888889,0,.1894674,.12828797,-.38801068,.51228374,-.58253908,133,51,7
Davide Valsecchi,15,2008,GP2 Series,11,,,1,7,1,0,Durango,,13,0,3,Italy,.23076923,.07692308,19,0,.07692308,.84615386,-15,-11,11,.53846157,0,.078499503,.68635714,-.38801068,.19889279,.17795318,150,41,11
Kamui Kobayashi,16,2008,GP2 Series,10,,,1,8,1,0,DAMS,,20,0,8,Japan,.40000001,.050000001,20,0,.050000001,.5,-16,-8,8,.40000001,0,-.032468382,.16974452,-.38801068,1.3270999,-1.5778345,186,9,8
Javier Villa,17,2008,GP2 Series,8,,,0,8,0,0,Racing Engineering,,19,0,4,Spain,.21052632,0,33,0,0,.42105263,-17,-4,4,.42105263,0,-.14343627,.2482938,-.38801068,.06393978,-.34709293,176,22,4
Ho-Pin Tung,18,2008,GP2 Series,7,,,1,6,0,0,Trident,,20,0,8,China,.40000001,0,7,0,.050000001,.34999999,-18,-9,9,.30000001,0,-.25440416,-.20336452,-.38801068,1.3270999,-2.1728792,171,28,9
Luca Filippi,19,2008,GP2 Series,6,,,1,4,0,0,ART Grand Prix,,20,0,8,Italy,.40000001,0,19,0,.050000001,.30000001,-19,-5,5,.2,0,-.36537206,-.57647359,-.38801068,1.3270999,-2.6569562,193,2,5
Yelmer Buurman,20,2008,GP2 Series,5,,,1,4,0,0,Trust Team Arden,,10,0,2,Netherlands,.2,0,24,0,.1,.5,-20,-6,6,.40000001,0,-.47633994,.16974452,-.38801068,-.0062357713,-.68837035,257,53,6
Adrián Vallés,21,2008,GP2 Series,5,,,0,2,0,0,BCN Competicion,,18,0,5,Spain,.27777779,0,33,0,0,.27777779,-21,-12,12,.11111111,0,-.58730781,-.90812612,-.38801068,.51228374,-2.3957283,126,34,12
Diego Nunes,22,2008,GP2 Series,3,,,0,4,0,0,DPR,,20,0,5,Brazil,.25,0,4,0,0,.15000001,-22,-13,13,.2,0,-.69827574,-.57647359,-.38801068,.32709813,-1.9898582,152,39,13
Sakon Yamamoto,23,2008,GP2 Series,3,,,0,2,0,0,ART Grand Prix,,9,0,6,Japan,.66666669,0,20,0,0,.33333334,-23,-5,5,.22222222,0,-.80924362,-.49356049,-.38801068,3.104881,-4.7956958,237,2,5
Ben Hanley,24,2008,GP2 Series,1,,,0,2,0,0,Barwa International Campos Team,,8,0,3,United Kingdom,.375,0,37,0,0,.125,-24,-1,1,.25,0,-.92021149,-.3899191,-.38801068,1.1604329,-2.8585742,138,36,1
Adam Carroll,25,2008,GP2 Series,1,,,0,1,0,0,Fisichella Motor Sport International,,4,0,3,United Kingdom,.75,0,37,0,0,.25,-25,-10,10,.25,0,-1.0311794,-.3899191,-.38801068,3.6604373,-5.4695463,123,42,10
Alberto Valério,26,2008,GP2 Series,0,,,0,3,0,0,Durango,,19,0,6,Brazil,.31578946,0,4,0,0,0,-26,-11,11,.15789473,0,-1.1421473,-.73357219,-.38801068,.76569533,-3.0294256,128,41,11
Christian Bakkerud,27,2008,GP2 Series,0,,,0,1,0,0,Super Nova Racing,,3,0,2,Denmark,.66666669,0,12,0,0,0,-27,-7,7,.33333334,0,-1.2531152,-.078994833,-.38801068,3.104881,-4.8250017,143,51,7
Carlos Iaconelli,28,2008,GP2 Series,0,,,0,0,0,0,BCN Competicion,,13,0,4,Brazil,.30769232,0,4,0,0,0,-28,-12,12,0,0,-1.3640831,-1.3226918,-.38801068,.71171427,-3.7864997,141,34,12
Marko Asmer,29,2008,GP2 Series,0,,,0,0,0,0,Fisichella Motor Sport International,,13,0,4,Estonia,.30769232,0,13,0,0,0,-29,-10,10,0,0,-1.4750509,-1.3226918,-.38801068,.71171427,-3.8974676,201,42,10
Michael Herck,30,2008,GP2 Series,0,,,0,0,0,0,DPR,,13,0,4,Romania,.30769232,0,29,0,0,0,-30,-13,13,0,0,-1.5860188,-1.3226918,-.38801068,.71171427,-4.0084357,205,39,13
Giacomo Ricci,31,2008,GP2 Series,0,,,0,0,0,0,DPR,,4,0,2,Italy,.5,0,19,0,0,0,-31,-13,13,0,0,-1.6969867,-1.3226918,-.38801068,1.9937677,-5.4014568,165,39,13
Miloš Pavlovi?,32,2008,GP2 Series,0,,,0,0,0,0,BCN Competicion,,3,0,1,Serbia,.33333334,0,31,0,0,0,-32,-12,12,0,0,-1.8079547,-1.3226918,-.38801068,.88265473,-4.4013119,208,34,12
Paolo Maria Nocera,33,2008,GP2 Series,0,,,0,0,0,0,BCN Competicion,,2,0,1,Italy,.5,0,19,0,0,0,-33,-12,12,0,0,-1.9189225,-1.3226918,-.38801068,1.9937677,-5.6233926,221,34,12
Marcello Puglisi,34,2008,GP2 Series,0,,,0,0,0,0,Durango,,2,0,1,Italy,.5,0,19,0,0,0,-34,-11,11,0,0,-2.0298903,-1.3226918,-.38801068,1.9937677,-5.7343607,198,41,11
